seed,mode,method,probe_accuracy,probe_r2,nuisance_accuracy,final_cka,residual_cka,mapping_rmse,best_val_loss,trainable_parameters,epochs,wall_time_seconds,mapping_means,mapping_weights,eeg_residual_norms,audio_residual_norms,hidden_cka_matrix,residual_cka_matrix,layer_probe_accuracy,residual_probe_accuracy
0,hierarchical,no_audio,0.9027777777777778,0.7508609890937805,0.9375,0.7706706762313843,0.7094978094100952,,0.0332580469548702,20808,10,0.9114149999804796,[],[],"[1.0,1.0,1.0,1.0]","[1.0,1.0,1.0,1.0,1.0,1.0]","[[0.7952816486358643,0.8280426859855652,0.8510710000991821,0.8493361473083496,0.8435429930686951,0.8325594663619995,0.8133057355880737],[0.7166631817817688,0.7659488916397095,0.8098347783088684,0.8067747950553894,0.8016785979270935,0.7786725759506226,0.7459690570831299],[0.7412282824516296,0.778948962688446,0.8104819059371948,0.8147916197776794,0.8165801167488098,0.7970021963119507,0.7684201002120972],[0.6511543989181519,0.7016627788543701,0.7468492388725281,0.7311326861381531,0.7146537899971008,0.7028469443321228,0.6853703856468201],[0.6846688389778137,0.7273565530776978,0.7645854949951172,0.7547076940536499,0.7440743446350098,0.7342290878295898,0.7187915444374084]]","[[0.8557462692260742,0.8565655946731567,0.7748414278030396,0.7761761546134949,0.5878099203109741,0.5749685764312744],[0.7243120074272156,0.7308318614959717,0.8073256015777588,0.8020990490913391,0.6625849604606628,0.6517985463142395],[0.7879008650779724,0.7782849073410034,0.6030978560447693,0.6091607213020325,0.5787587761878967,0.5747395753860474],[0.8014921545982361,0.7951374650001526,0.6462799310684204,0.6493117809295654,0.5746727585792542,0.5657586455345154]]","[0.9236111111111112,0.9027777777777778,0.90625,0.8993055555555555,0.9027777777777778]","[0.920138888888889,0.920138888888889,0.90625,0.8993055555555555]"
1,hierarchical,no_audio,0.8784722222222222,0.7264910340309143,0.7916666666666666,0.7429334402084351,0.637489065527916,,0.0252839187160134,20808,10,1.019133875000989,[],[],"[1.0,1.0,1.0,1.0]","[1.0,1.0,1.0,1.0,1.0,1.0]","[[0.8039812445640564,0.7906763553619385,0.7648828029632568,0.7823158502578735,0.7931713461875916,0.7999105453491211,0.8053257465362549],[0.7408570647239685,0.7223563194274902,0.6972253322601318,0.7189135551452637,0.7369195818901062,0.7467406988143921,0.7582991719245911],[0.7152339220046997,0.7035722136497498,0.684966504573822,0.7016257047653198,0.7137615084648132,0.7237362265586853,0.7360485196113586],[0.7537347674369812,0.7429633140563965,0.7244998216629028,0.7431312799453735,0.7578344941139221,0.7663597464561462,0.7766585350036621],[0.7250840663909912,0.7292032241821289,0.7241369485855103,0.7374362945556641,0.7462928295135498,0.7497230172157288,0.7540004253387451]]","[[0.6251863241195679,0.6222392320632935,0.6419410705566406,0.637615442276001,0.7315148711204529,0.7301324009895325],[0.6417064666748047,0.6385595202445984,0.6253630518913269,0.6218461394309998,0.7259668707847595,0.7230170369148254],[0.6853829622268677,0.6806401610374451,0.5713290572166443,0.5665928721427917,0.7024139761924744,0.6988843083381653],[0.7254655361175537,0.7240591049194336,0.6742126941680908,0.6736385822296143,0.7354048490524292,0.7328140139579773]]","[0.8645833333333334,0.8680555555555555,0.875,0.875,0.8784722222222222]","[0.84375,0.8125,0.8368055555555557,0.8402777777777778]"
2,hierarchical,no_audio,0.8854166666666666,0.7758823037147522,1.0,0.6739893436431885,0.6052592098712921,,0.0297903949394822,20808,10,0.8376080830057617,[],[],"[1.0,1.0,1.0,1.0]","[1.0,1.0,1.0,1.0,1.0,1.0]","[[0.6957444548606873,0.6907529234886169,0.687904417514801,0.7068736553192139,0.7280988097190857,0.7216451168060303,0.7125679850578308],[0.6738927960395813,0.6702762842178345,0.6691398620605469,0.6859240531921387,0.7056644558906555,0.701586127281189,0.696014940738678],[0.6307801008224487,0.6272520422935486,0.6276981234550476,0.6491299271583557,0.6745902895927429,0.6661322116851807,0.6552642583847046],[0.6324581503868103,0.6242991089820862,0.6200939416885376,0.6416872143745422,0.6675869226455688,0.6626251339912415,0.6560543775558472],[0.6635019779205322,0.6577693819999695,0.6550500988960266,0.6752145290374756,0.6994057893753052,0.6944935321807861,0.6883455514907837]]","[[0.6119878888130188,0.6148859858512878,0.7214036583900452,0.721381425857544,0.6358188390731812,0.6322078704833984],[0.5654405951499939,0.5741037130355835,0.7084792256355286,0.7012802362442017,0.5098130702972412,0.5079708099365234],[0.3790728449821472,0.3807472288608551,0.5031763315200806,0.5042605400085449,0.4209468960762024,0.4141307473182678],[0.6002318859100342,0.6061727404594421,0.7125738859176636,0.7114864587783813,0.5987955331802368,0.5963091850280762]]","[0.892361111111111,0.8888888888888888,0.8888888888888888,0.8854166666666666,0.8854166666666666]","[0.8715277777777777,0.8819444444444443,0.875,0.875]"
3,hierarchical,no_audio,0.8854166666666666,0.730665385723114,0.875,0.8009655117988587,0.6755684167146683,,0.0324062891304492,20808,10,0.6818311669921968,[],[],"[1.0,1.0,1.0,1.0]","[1.0,1.0,1.0,1.0,1.0,1.0]","[[0.8326262831687927,0.8466044068336487,0.8442381024360657,0.852628231048584,0.8593227863311768,0.8509901762008667,0.833737850189209],[0.7897443175315857,0.8036981821060181,0.8041977882385254,0.8085982203483582,0.8108540177345276,0.8076226711273193,0.7973640561103821],[0.7786200046539307,0.7990490794181824,0.8062159419059753,0.8079906105995178,0.806698739528656,0.8014991283416748,0.7892703413963318],[0.7744030952453613,0.7928615212440491,0.7988560795783997,0.8011311292648315,0.8009656667709351,0.7971550822257996,0.786623477935791],[0.7420876026153564,0.7564728856086731,0.7599782943725586,0.7651893496513367,0.7697222828865051,0.7670156359672546,0.7590472102165222]]","[[0.7419476509094238,0.737540066242218,0.7073199152946472,0.7063538432121277,0.6551023721694946,0.6483597755432129],[0.7777931094169617,0.7744687795639038,0.6803535223007202,0.6765298247337341,0.614682137966156,0.6069245338439941],[0.7151197195053101,0.710990309715271,0.6200147867202759,0.6204836368560791,0.5940500497817993,0.5852301716804504],[0.7412900328636169,0.7369586229324341,0.7412870526313782,0.7390251755714417,0.6664987206459045,0.65948885679245]]","[0.8784722222222223,0.8784722222222223,0.8784722222222222,0.8784722222222222,0.8854166666666666]","[0.8680555555555555,0.8819444444444443,0.8402777777777778,0.8402777777777777]"
4,hierarchical,no_audio,0.8194444444444445,0.7245250344276428,0.9166666666666666,0.7653637528419495,0.6992894560098648,,0.0322207156568765,20808,10,0.8828698750003241,[],[],"[1.0,1.0,1.0,1.0]","[1.0,1.0,1.0,1.0,1.0,1.0]","[[0.8309884071350098,0.8241531252861023,0.8162545561790466,0.812244176864624,0.807309627532959,0.8208392262458801,0.8357279896736145],[0.7722320556640625,0.7655960917472839,0.7591420412063599,0.75667804479599,0.7543885111808777,0.7670357823371887,0.7815756797790527],[0.7619063258171082,0.7540885806083679,0.7465484738349915,0.7449913620948792,0.7435691356658936,0.7560868859291077,0.7705124020576477],[0.7524892687797546,0.7452108263969421,0.7387638092041016,0.7357341051101685,0.733393132686615,0.7476987242698669,0.7648390531539917],[0.745453953742981,0.7368961572647095,0.7293542623519897,0.7273354530334473,0.7261691093444824,0.740629255771637,0.7583038210868835]]","[[0.7242368459701538,0.719955563545227,0.7029522061347961,0.706641674041748,0.7867597341537476,0.7842946648597717],[0.681282639503479,0.6741258502006531,0.6702778935432434,0.6718527674674988,0.7388343214988708,0.7346763014793396],[0.6379154920578003,0.6316381096839905,0.6500890851020813,0.6499435305595398,0.7241092920303345,0.7202275395393372],[0.6839032173156738,0.677200436592102,0.7015761137008667,0.7004605531692505,0.7579553127288818,0.7526995539665222]]","[0.8333333333333334,0.8055555555555555,0.8020833333333334,0.7986111111111112,0.8194444444444445]","[0.8194444444444445,0.8125,0.8090277777777777,0.8263888888888888]"
0,hierarchical,final,0.9027777777777776,0.7928565144538879,0.5833333333333334,0.7906065106391906,0.7568258792161942,,0.1279419958591461,20808,10,0.7581067080027424,[],[],"[1.0,1.0,1.0,1.0]","[1.0,1.0,1.0,1.0,1.0,1.0]","[[0.8257396221160889,0.8512759804725647,0.8662837147712708,0.8676596283912659,0.8646456003189087,0.8578131794929504,0.8438675999641418],[0.7966408729553223,0.8129847049713135,0.8200119137763977,0.8183287978172302,0.8144530057907104,0.8224092125892639,0.8292454481124878],[0.7882539629936218,0.7844683527946472,0.7708807587623596,0.7780308723449707,0.7832502722740173,0.8009433746337891,0.8199725151062012],[0.7651915550231934,0.7681313157081604,0.7621183395385742,0.7641602754592896,0.7651960849761963,0.7826631665229797,0.8024653792381287],[0.7231054306030273,0.7287421226501465,0.7271683812141418,0.7324784398078918,0.7374030351638794,0.7497465014457703,0.7640540599822998]]","[[0.7729246616363525,0.7735704183578491,0.7525863647460938,0.7535580992698669,0.7883437871932983,0.7885725498199463],[0.6151109337806702,0.6259395480155945,0.7366580963134766,0.7319043278694153,0.8288125991821289,0.8265160322189331],[0.7109854817390442,0.7144233584403992,0.726071298122406,0.7260039448738098,0.7996554374694824,0.8011423349380493],[0.6408198475837708,0.6438837051391602,0.7046189904212952,0.7017369866371155,0.7907882928848267,0.7917168140411377]]","[0.9236111111111112,0.9097222222222223,0.9027777777777777,0.90625,0.9027777777777777]","[0.9131944444444445,0.888888888888889,0.8993055555555555,0.8993055555555557]"
1,hierarchical,final,0.8645833333333334,0.7416588664054871,0.7291666666666666,0.6915579438209534,0.6778238862752914,,0.0991203188896179,20808,10,1.1167718750075435,[],[],"[1.0,1.0,1.0,1.0]","[1.0,1.0,1.0,1.0,1.0,1.0]","[[0.7889750003814697,0.7724711298942566,0.7448205351829529,0.7665736675262451,0.7833906412124634,0.7886789441108704,0.7923579812049866],[0.747897207736969,0.7204990386962891,0.6896232962608337,0.7224932312965393,0.7558629512786865,0.7632057070732117,0.7715641856193542],[0.6754664778709412,0.641724705696106,0.6079813241958618,0.6452951431274414,0.6864497661590576,0.6946077942848206,0.7050585150718689],[0.6563848257064819,0.6254986524581909,0.5954766273498535,0.6326029300689697,0.6740590333938599,0.6811103224754333,0.6905583143234253],[0.6242220401763916,0.6093279719352722,0.5923752188682556,0.6209368109703064,0.6524863243103027,0.6554509401321411,0.6598372459411621]]","[[0.6376438140869141,0.6345401406288147,0.7347573041915894,0.7340937852859497,0.7540081143379211,0.7516493797302246],[0.558808445930481,0.5542101263999939,0.7072718143463135,0.704301655292511,0.6775951981544495,0.6742329597473145],[0.4821833372116089,0.48391976952552795,0.6788658499717712,0.6773148775100708,0.6558200716972351,0.6568815112113953],[0.5171687006950378,0.5174018144607544,0.7315496802330017,0.7290263175964355,0.6889721155166626,0.6890650391578674]]","[0.8645833333333334,0.8680555555555557,0.8715277777777777,0.8645833333333334,0.8645833333333334]","[0.8715277777777778,0.8645833333333334,0.8541666666666666,0.8611111111111112]"
2,hierarchical,final,0.8611111111111112,0.7611343264579773,0.8541666666666666,0.7367612957954407,0.7248358726501465,,0.1607305407524109,20808,10,0.718515667016618,[],[],"[1.0,1.0,1.0,1.0]","[1.0,1.0,1.0,1.0,1.0,1.0]","[[0.6845309734344482,0.687633216381073,0.69143146276474,0.7061577439308167,0.721956193447113,0.71275395154953,0.7004374861717224],[0.7472951412200928,0.7602353096008301,0.7718645334243774,0.776449978351593,0.7802034020423889,0.7754671573638916,0.7697016000747681],[0.7053682208061218,0.7071374654769897,0.7113141417503357,0.7244617938995361,0.7405432462692261,0.73867267370224,0.7368404865264893],[0.7342564463615417,0.7366817593574524,0.7410488128662109,0.7525969743728638,0.7660979628562927,0.7653750777244568,0.7651316523551941],[0.7004687786102295,0.705446183681488,0.713306188583374,0.7238622307777405,0.7368583083152771,0.7363148927688599,0.7368512153625488]]","[[0.725507915019989,0.724155068397522,0.7846543788909912,0.7826860547065735,0.7279775142669678,0.724504828453064],[0.6955856680870056,0.6940311789512634,0.7657122611999512,0.7638933062553406,0.7090272307395935,0.6993329524993896],[0.6804668307304382,0.6815847158432007,0.7495577931404114,0.7435051798820496,0.6439654231071472,0.6414090394973755],[0.7105081081390381,0.7098503708839417,0.7493104934692383,0.74405837059021,0.669708251953125,0.6646181344985962]]","[0.892361111111111,0.8784722222222223,0.8576388888888888,0.8506944444444445,0.8611111111111112]","[0.875,0.8784722222222222,0.8472222222222222,0.8402777777777778]"
3,hierarchical,final,0.8888888888888888,0.7194386124610901,0.5625,0.8162933111190795,0.7179692983627319,,0.0586321949958801,20808,10,0.8545859580044635,[],[],"[1.0,1.0,1.0,1.0]","[1.0,1.0,1.0,1.0,1.0,1.0]","[[0.8652215600013733,0.8752073049545288,0.8700134754180908,0.8800051808357239,0.8889222145080566,0.8831181526184082,0.8684789538383484],[0.7792534828186035,0.7797116041183472,0.7720213532447815,0.7843449711799622,0.7974510788917542,0.7981494069099426,0.7925227880477905],[0.7811471223831177,0.8078227043151855,0.8215663433074951,0.825520396232605,0.8269733786582947,0.815194845199585,0.7952215075492859],[0.7928619980812073,0.8211072087287903,0.8365009427070618,0.840694010257721,0.8428357243537903,0.8301315307617188,0.8090484738349915],[0.7563976049423218,0.7759737968444824,0.785363495349884,0.7929838299751282,0.8006124496459961,0.791671872138977,0.7758675217628479]]","[[0.7129369378089905,0.711369514465332,0.7247682213783264,0.7183974981307983,0.6278864741325378,0.6236416101455688],[0.8327921032905579,0.828976571559906,0.7439343333244324,0.7395229935646057,0.6279174089431763,0.618707537651062],[0.7884142994880676,0.7842004895210266,0.7914231419563293,0.7896131277084351,0.6607820391654968,0.6510401964187622],[0.8335586190223694,0.8304404616355896,0.7498108744621277,0.7448840141296387,0.634470522403717,0.6253927946090698]]","[0.888888888888889,0.892361111111111,0.8888888888888888,0.8854166666666666,0.8888888888888888]","[0.9027777777777777,0.892361111111111,0.888888888888889,0.8993055555555557]"
4,hierarchical,final,0.8541666666666666,0.8216478228569031,0.6666666666666666,0.8142529368400574,0.7926610708236694,,0.0358713567256927,20808,10,0.993559708003886,[],[],"[1.0,1.0,1.0,1.0]","[1.0,1.0,1.0,1.0,1.0,1.0]","[[0.8505715727806091,0.8462827801704407,0.841036856174469,0.838848888874054,0.835804283618927,0.8457632064819336,0.8557369709014893],[0.8511271476745605,0.8490742444992065,0.8474348783493042,0.8440293669700623,0.8415666222572327,0.8532006740570068,0.866484522819519],[0.8069806694984436,0.7986323833465576,0.7912930846214294,0.7933552265167236,0.7962538003921509,0.8065477013587952,0.8182588219642639],[0.7998818159103394,0.7977757453918457,0.796224057674408,0.8003305792808533,0.8054390549659729,0.8089787364006042,0.8116810321807861],[0.7551904320716858,0.7518528699874878,0.7505179643630981,0.7519357800483704,0.7556275725364685,0.764144778251648,0.774463951587677]]","[[0.8089889883995056,0.8031828999519348,0.788666307926178,0.7908111810684204,0.8447695374488831,0.841749906539917],[0.7401680946350098,0.7304449677467346,0.7793720960617065,0.7753313183784485,0.7703219056129456,0.7647919654846191],[0.7938347458839417,0.7839362621307373,0.7833690643310547,0.7822883129119873,0.7658417820930481,0.7622680068016052],[0.765961766242981,0.7566962242126465,0.8054866194725037,0.8032152652740479,0.8048185706138611,0.7999948859214783]]","[0.84375,0.8472222222222222,0.8576388888888888,0.8541666666666666,0.8541666666666666]","[0.8472222222222222,0.8611111111111112,0.8402777777777778,0.8611111111111112]"
0,hierarchical,hidden,0.9131944444444444,0.7832943797111511,0.5625,0.8099897384643555,0.7786917090415955,,0.131417479366064,20808,10,1.27587704101461,[],[],"[1.0,1.0,1.0,1.0]","[1.0,1.0,1.0,1.0,1.0,1.0]","[[0.8402498960494995,0.8614410161972046,0.871268630027771,0.8737244009971619,0.8715335130691528,0.867458701133728,0.8567849397659302],[0.8030912280082703,0.8192579746246338,0.826642632484436,0.8225268721580505,0.8166659474372864,0.8280661702156067,0.8393254280090332],[0.7946503758430481,0.8004007935523987,0.7971136569976807,0.8048487901687622,0.8105844855308533,0.8195863366127014,0.8281072974205017],[0.7807274460792542,0.7882887125015259,0.7871682643890381,0.7950990200042725,0.8015716075897217,0.8089959025382996,0.815859317779541],[0.7353817224502563,0.7425005435943604,0.7422747611999512,0.7481240034103394,0.7537887692451477,0.7645744681358337,0.7766357660293579]]","[[0.7673006653785706,0.7704176902770996,0.7532631754875183,0.7541284561157227,0.8003309965133667,0.8008332252502441],[0.6999739408493042,0.710040807723999,0.7985135316848755,0.7941471934318542,0.8251960873603821,0.8215968012809753],[0.6986812949180603,0.7029668092727661,0.7651036977767944,0.7630582451820374,0.7661393284797668,0.7636173963546753],[0.7387611269950867,0.742405354976654,0.77707839012146,0.7752559185028076,0.7870606780052185,0.7858943939208984]]","[0.9270833333333334,0.9131944444444445,0.9131944444444445,0.9131944444444445,0.9131944444444445]","[0.8993055555555555,0.9097222222222223,0.9131944444444445,0.9097222222222223]"
1,hierarchical,hidden,0.8541666666666666,0.7401490211486816,0.6041666666666666,0.6913609385490418,0.626677468419075,,0.1341351270675659,20808,10,0.8408590420149267,[],[],"[1.0,1.0,1.0,1.0]","[1.0,1.0,1.0,1.0,1.0,1.0]","[[0.8259917497634888,0.8200446367263794,0.8004233837127686,0.8203915953636169,0.8347949385643005,0.8352780342102051,0.8327473402023315],[0.7136454582214355,0.7110353708267212,0.7014665007591248,0.7231358289718628,0.7423794865608215,0.7421171069145203,0.7408244609832764],[0.6460545659065247,0.6436304450035095,0.6361440420150757,0.6596531867980957,0.6829116344451904,0.6803418397903442,0.6764700412750244],[0.620802104473114,0.6096115112304688,0.5959707498550415,0.6261612176895142,0.6589682698249817,0.6567760109901428,0.653642475605011],[0.5792160630226135,0.5695791244506836,0.5570638179779053,0.5836226344108582,0.6127349138259888,0.6118487119674683,0.6107249855995178]]","[[0.6091485619544983,0.6085315942764282,0.6524266600608826,0.650468111038208,0.6373052597045898,0.6358733773231506],[0.5501174330711365,0.5487087368965149,0.613129734992981,0.612354040145874,0.5312203764915466,0.5288664698600769],[0.5128830075263977,0.5119377970695496,0.6842226982116699,0.6828683018684387,0.5523051023483276,0.5504244565963745],[0.5880381464958191,0.588312566280365,0.6653165817260742,0.6644800901412964,0.6027225255966187,0.6015632748603821]]","[0.875,0.8680555555555555,0.8576388888888888,0.8576388888888888,0.8541666666666666]","[0.8576388888888888,0.84375,0.8506944444444443,0.8541666666666666]"
2,hierarchical,hidden,0.8645833333333334,0.7686805725097656,0.5625,0.7485538601875306,0.7062655389308929,,0.1995466649532318,20808,10,1.0952629579987845,[],[],"[1.0,1.0,1.0,1.0]","[1.0,1.0,1.0,1.0,1.0,1.0]","[[0.7324529886245728,0.7467123866081238,0.7583150863647461,0.7644065618515015,0.7690545916557312,0.758582592010498,0.7445568442344666],[0.7491838932037354,0.7700808644294739,0.78810054063797,0.7866500020027161,0.782434344291687,0.776852548122406,0.7700235843658447],[0.7309744358062744,0.7487553358078003,0.765914797782898,0.7688944339752197,0.7710347175598145,0.7653713822364807,0.758787989616394],[0.6954612731933594,0.7110446691513062,0.7274546027183533,0.7349970936775208,0.7428516745567322,0.7347021698951721,0.7251611351966858],[0.6758461594581604,0.6868596076965332,0.7002419233322144,0.7100797295570374,0.7217556834220886,0.7162933945655823,0.710469663143158]]","[[0.7439286112785339,0.742171585559845,0.7124729156494141,0.7071363925933838,0.6756585240364075,0.6733360290527344],[0.7220379710197449,0.7213576436042786,0.7464081048965454,0.7418391108512878,0.6701667904853821,0.663308322429657],[0.6763915419578552,0.6777770519256592,0.714598536491394,0.7043622136116028,0.5746929049491882,0.5696611404418945],[0.7255254983901978,0.7254566550254822,0.7299084067344666,0.7219021916389465,0.6345676183700562,0.6303632259368896]]","[0.892361111111111,0.8819444444444445,0.8680555555555557,0.8645833333333334,0.8645833333333334]","[0.861111111111111,0.8541666666666666,0.8611111111111112,0.8680555555555557]"
3,hierarchical,hidden,0.8958333333333334,0.7431653141975403,0.5416666666666666,0.8491708159446716,0.7701679319143295,,0.0814347807317972,20808,10,0.8291257499950007,[],[],"[1.0,1.0,1.0,1.0]","[1.0,1.0,1.0,1.0,1.0,1.0]","[[0.8568122386932373,0.8748274445533752,0.8760324120521545,0.883091390132904,0.887998640537262,0.8783184289932251,0.8592137694358826],[0.8327926397323608,0.8624737858772278,0.8776683211326599,0.8816903233528137,0.8832276463508606,0.8694235682487488,0.8463932871818542],[0.7977437973022461,0.8363704085350037,0.8599411845207214,0.8612020015716553,0.8590437769889832,0.8408351540565491,0.8133398294448853],[0.8030949831008911,0.8297005295753479,0.8441749215126038,0.8512484431266785,0.8578887581825256,0.8443370461463928,0.8225218057632446],[0.7694964408874512,0.7881405353546143,0.7969143390655518,0.8047252893447876,0.8131887912750244,0.8058174252510071,0.79228276014328]]","[[0.8499642014503479,0.8467614650726318,0.8124113082885742,0.8074920773506165,0.6941353678703308,0.6852362155914307],[0.8735553622245789,0.8701514005661011,0.7448622584342957,0.7394296526908875,0.6446934342384338,0.6353066563606262],[0.7665754556655884,0.7608012557029724,0.8197360634803772,0.8190422654151917,0.704810380935669,0.6951162815093994],[0.877632200717926,0.8738068342208862,0.8082051873207092,0.8043314218521118,0.6779705286026001,0.6668030023574829]]","[0.8958333333333334,0.8888888888888888,0.8993055555555555,0.8958333333333334,0.8958333333333334]","[0.90625,0.9027777777777778,0.8923611111111112,0.8993055555555557]"
4,hierarchical,hidden,0.8541666666666666,0.77824467420578,0.5625,0.8009723067283631,0.7461455315351486,,0.0680533237755298,20808,10,0.8498820830136538,[],[],"[1.0,1.0,1.0,1.0]","[1.0,1.0,1.0,1.0,1.0,1.0]","[[0.8623184561729431,0.8610029220581055,0.8586925268173218,0.858451247215271,0.8572545051574707,0.8629629015922546,0.8671559691429138],[0.8115823268890381,0.8140277862548828,0.8162772059440613,0.8164911866188049,0.8173837661743164,0.821437656879425,0.8245312571525574],[0.7965424656867981,0.7928088307380676,0.789344072341919,0.7941380143165588,0.7995078563690186,0.8030347228050232,0.8052860498428345],[0.7763087749481201,0.775458574295044,0.7753323912620544,0.7810484170913696,0.7874695062637329,0.7879548072814941,0.7863439321517944],[0.7285706996917725,0.726050078868866,0.7253328561782837,0.7299295663833618,0.736437201499939,0.7405315041542053,0.744658350944519]]","[[0.7713217735290527,0.7652334570884705,0.764914870262146,0.7637850046157837,0.7512295246124268,0.7469832301139832],[0.7279199361801147,0.7156270146369934,0.7755442261695862,0.7705426216125488,0.7192932367324829,0.7143556475639343],[0.723717212677002,0.7190587520599365,0.7261208295822144,0.725387454032898,0.6627447009086609,0.658665657043457],[0.7668408155441284,0.7591383457183838,0.7818176746368408,0.7794259786605835,0.7171005606651306,0.7123286724090576]]","[0.8541666666666666,0.84375,0.8506944444444445,0.8541666666666666,0.8541666666666666]","[0.8368055555555555,0.8472222222222222,0.829861111111111,0.8298611111111112]"
0,hierarchical,all_hidden,0.9166666666666666,0.7741037011146545,0.5416666666666666,0.8045149564743042,0.7568957805633545,,-0.2522379606962204,20808,10,2.303817459003767,[],[],"[1.0,1.0,1.0,1.0]","[1.0,1.0,1.0,1.0,1.0,1.0]","[[0.8367266058921814,0.8588814735412598,0.8698543310165405,0.8725085258483887,0.8705349564552307,0.8654377460479736,0.8535703420639038],[0.816226601600647,0.8258475661277771,0.8261412382125854,0.8272561430931091,0.8262082934379578,0.8381887674331665,0.849899411201477],[0.7943695783615112,0.797177255153656,0.7907266020774841,0.7989432215690613,0.8051578402519226,0.8163048624992371,0.8274799585342407],[0.7679451107978821,0.7769604921340942,0.7773212194442749,0.7804139256477356,0.7823150157928467,0.793222963809967,0.8047872185707092],[0.7361552119255066,0.7473917007446289,0.7516381740570068,0.7555727362632751,0.75937420129776,0.7684467434883118,0.7784487009048462]]","[[0.7321643233299255,0.7377642393112183,0.7617911100387573,0.7612664699554443,0.8193292021751404,0.8199310898780823],[0.6936869025230408,0.7024038434028625,0.7835359573364258,0.779366672039032,0.8198533058166504,0.8169711232185364],[0.7094846367835999,0.7094789743423462,0.713621199131012,0.7139973044395447,0.7654149532318115,0.7659980058670044],[0.7123867869377136,0.7155942916870117,0.7479127049446106,0.7465457916259766,0.7972654700279236,0.797885537147522]]","[0.9270833333333334,0.9131944444444445,0.9097222222222223,0.9097222222222223,0.9166666666666666]","[0.9027777777777778,0.9097222222222223,0.9097222222222222,0.9097222222222223]"
1,hierarchical,all_hidden,0.861111111111111,0.7319867610931396,0.5833333333333334,0.68474440574646,0.6068337559700012,,-0.2494310140609741,20808,10,1.4575759999861475,[],[],"[1.0,1.0,1.0,1.0]","[1.0,1.0,1.0,1.0,1.0,1.0]","[[0.8250519037246704,0.8218523859977722,0.8043615818023682,0.823255717754364,0.8363525867462158,0.8358572721481323,0.8320674896240234],[0.708671510219574,0.6859340667724609,0.6608717441558838,0.6938254237174988,0.7277092337608337,0.7318509817123413,0.7363789081573486],[0.6490735411643982,0.6384807825088501,0.6244727373123169,0.6515846848487854,0.6793391108512878,0.6794143319129944,0.679000735282898],[0.6307715177536011,0.6223128437995911,0.6104982495307922,0.6374290585517883,0.6655898690223694,0.6643962264060974,0.6625326871871948],[0.5888870358467102,0.5875469446182251,0.5815237760543823,0.6036978960037231,0.6269816160202026,0.624233603477478,0.6206238269805908]]","[[0.5548891425132751,0.5551087856292725,0.6732117533683777,0.6709232330322266,0.6340823173522949,0.6334066390991211],[0.5685345530509949,0.5665684938430786,0.6037189960479736,0.6025143265724182,0.5418301820755005,0.5392088890075684],[0.5550854802131653,0.5537477135658264,0.6609845161437988,0.660089373588562,0.5731605291366577,0.5709471106529236],[0.5743201971054077,0.5750802159309387,0.652428925037384,0.6514162421226501,0.609237015247345,0.6086375117301941]]","[0.8715277777777777,0.8680555555555555,0.861111111111111,0.8611111111111112,0.861111111111111]","[0.8645833333333334,0.8402777777777778,0.8541666666666666,0.8611111111111112]"
2,hierarchical,all_hidden,0.8645833333333334,0.7587012648582458,0.5416666666666666,0.7489117980003357,0.7081555724143982,,-0.1849992871284485,20808,10,1.9687617500021588,[],[],"[1.0,1.0,1.0,1.0]","[1.0,1.0,1.0,1.0,1.0,1.0]","[[0.7364455461502075,0.7502299547195435,0.7613406181335449,0.767623245716095,0.7724413275718689,0.762098491191864,0.7481992840766907],[0.7565732598304749,0.7742892503738403,0.7898669838905334,0.7913970947265625,0.7909878492355347,0.7853643894195557,0.7784394025802612],[0.7324707508087158,0.7483845353126526,0.7639784812927246,0.7680630683898926,0.7717065811157227,0.7666276097297668,0.7607678771018982],[0.7012445330619812,0.7173330783843994,0.7338507771492004,0.7395687103271484,0.7452767491340637,0.7385978698730469,0.7309207916259766],[0.6711705923080444,0.6836034059524536,0.6980839967727661,0.7066649198532104,0.7166281342506409,0.711001992225647,0.7049066424369812]]","[[0.740239679813385,0.7385053634643555,0.7402307391166687,0.7342678308486938,0.6828897595405579,0.6789057850837708],[0.7225936651229858,0.7215415239334106,0.7446647882461548,0.7408842444419861,0.6799346208572388,0.6729958057403564],[0.689841628074646,0.6900264620780945,0.7095485925674438,0.7005240321159363,0.5956751704216003,0.5906743407249451],[0.7262554168701172,0.7251762747764587,0.7391258478164673,0.7316847443580627,0.6526781916618347,0.6471937894821167]]","[0.8888888888888888,0.8854166666666666,0.8645833333333334,0.8645833333333334,0.8645833333333334]","[0.861111111111111,0.857638888888889,0.8680555555555555,0.8680555555555557]"
3,hierarchical,all_hidden,0.8958333333333334,0.7375881671905518,0.5416666666666666,0.8461626768112183,0.7586628347635269,,-0.3010621517896652,20808,10,1.6876204579893963,[],[],"[1.0,1.0,1.0,1.0]","[1.0,1.0,1.0,1.0,1.0,1.0]","[[0.8547765612602234,0.8731932640075684,0.8746790885925293,0.8822354078292847,0.8877508044242859,0.8771844506263733,0.857069730758667],[0.8441954255104065,0.86100172996521,0.865455687046051,0.8747485280036926,0.8838876485824585,0.8756611347198486,0.8592998385429382],[0.8134198188781738,0.8449112772941589,0.8623031973838806,0.8660210967063904,0.8674013614654541,0.8528864979743958,0.8297239542007446],[0.8010773062705994,0.8321488499641418,0.850134551525116,0.8554280996322632,0.8595626950263977,0.844057023525238,0.8199485540390015],[0.7625237107276917,0.7903677821159363,0.8070564866065979,0.8126587867736816,0.8178873062133789,0.8050501346588135,0.7849973440170288]]","[[0.8084367513656616,0.8049471974372864,0.835814356803894,0.8316670656204224,0.7141292691230774,0.7063872814178467],[0.8791948556900024,0.8759381175041199,0.747546911239624,0.7427133917808533,0.6606761813163757,0.6512013673782349],[0.808996856212616,0.8044400215148926,0.7900711894035339,0.7883673310279846,0.6441941857337952,0.6319662928581238],[0.8724660873413086,0.8683866262435913,0.8225246667861938,0.8196435570716858,0.7013606429100037,0.6903003454208374]]","[0.8958333333333334,0.8888888888888888,0.8958333333333334,0.8993055555555555,0.8958333333333334]","[0.9097222222222223,0.9097222222222222,0.9027777777777778,0.9131944444444443]"
4,hierarchical,all_hidden,0.8611111111111112,0.7900187969207764,0.5833333333333334,0.8008716344833374,0.7560224682092667,,-0.3158223778009414,20808,10,1.5166462080087513,[],[],"[1.0,1.0,1.0,1.0]","[1.0,1.0,1.0,1.0,1.0,1.0]","[[0.8620887994766235,0.8619357347488403,0.860720694065094,0.8605619668960571,0.8594688773155212,0.8642381429672241,0.8671842813491821],[0.8123339414596558,0.8129198551177979,0.8134216070175171,0.8142745494842529,0.8157106041908264,0.8203905820846558,0.824285089969635],[0.7973576784133911,0.7917628288269043,0.7865662574768066,0.7911428213119507,0.7963130474090576,0.8014816045761108,0.8059375882148743],[0.7866817116737366,0.7844516634941101,0.7828605771064758,0.7880573868751526,0.7939770817756653,0.7961146235466003,0.7966886162757874],[0.7279482483863831,0.726047158241272,0.7257654070854187,0.7304389476776123,0.7370028495788574,0.7404798865318298,0.7437278628349304]]","[[0.7691357731819153,0.7626980543136597,0.7662849426269531,0.7650280594825745,0.7586073875427246,0.7543216347694397],[0.7282351851463318,0.7157965898513794,0.7770668268203735,0.7725914716720581,0.7332104444503784,0.7283746004104614],[0.7241562604904175,0.7180371880531311,0.7314931750297546,0.7292975783348083,0.665732741355896,0.6612968444824219],[0.7816032767295837,0.7734442353248596,0.7952517867088318,0.7928350567817688,0.7536107301712036,0.7485896944999695]]","[0.8541666666666666,0.84375,0.8506944444444445,0.8506944444444445,0.8611111111111112]","[0.8298611111111112,0.8506944444444445,0.8333333333333334,0.8263888888888888]"
0,hierarchical,matryoshka,0.90625,0.7902259826660156,0.6875,0.7739744782447815,0.739614263176918,,0.1553482562303543,20808,10,0.8827988329867367,[],[],"[1.0,1.0,1.0,1.0]","[1.0,1.0,1.0,1.0,1.0,1.0]","[[0.8258224725723267,0.8499453067779541,0.8633124828338623,0.8650276064872742,0.862270176410675,0.8560870885848999,0.8428810834884644],[0.8034797310829163,0.8176802396774292,0.8224819898605347,0.825192391872406,0.8253636360168457,0.8309993147850037,0.8350127935409546],[0.7621442675590515,0.7567629218101501,0.7417407631874084,0.744494616985321,0.7457292079925537,0.7694079279899597,0.7967148423194885],[0.7432854771614075,0.740715742111206,0.7287181615829468,0.7309650778770447,0.7319376468658447,0.7536265850067139,0.7789204120635986],[0.7053095698356628,0.7072939872741699,0.7016157507896423,0.7052139639854431,0.7081602215766907,0.7250013947486877,0.7451356649398804]]","[[0.7909554243087769,0.7921051979064941,0.7743586301803589,0.774757444858551,0.7905791401863098,0.7907160520553589],[0.5937412977218628,0.602607250213623,0.6925818920135498,0.6887439489364624,0.8389266729354858,0.8404486179351807],[0.6618746519088745,0.6651792526245117,0.703191339969635,0.700175404548645,0.7872804999351501,0.7869794964790344],[0.5923478603363037,0.5947561264038086,0.6681525111198425,0.663699746131897,0.7726835012435913,0.7747443318367004]]","[0.9236111111111112,0.9131944444444445,0.90625,0.90625,0.90625]","[0.9131944444444445,0.892361111111111,0.8958333333333334,0.8923611111111112]"
1,hierarchical,matryoshka,0.8576388888888888,0.7118354439735413,0.7291666666666666,0.670133912563324,0.6557724475860596,,0.1054588258266449,20808,10,1.325595959002385,[],[],"[1.0,1.0,1.0,1.0]","[1.0,1.0,1.0,1.0,1.0,1.0]","[[0.7912383079528809,0.7726798057556152,0.743461549282074,0.7664017081260681,0.7846704721450806,0.7904992699623108,0.7948710322380066],[0.7357385158538818,0.6990070343017578,0.6611554622650146,0.7000129222869873,0.741292417049408,0.7499895095825195,0.760167121887207],[0.656947672367096,0.6153592467308044,0.5756590366363525,0.6177385449409485,0.6653475165367126,0.6745098829269409,0.6862900257110596],[0.6372542977333069,0.5968054533004761,0.5591292381286621,0.6001993417739868,0.6468573212623596,0.6565555930137634,0.6693816781044006],[0.5991623401641846,0.5746732950210571,0.5501060485839844,0.5834940671920776,0.6216194033622742,0.626606285572052,0.6336799263954163]]","[[0.5966268181800842,0.5943512916564941,0.7369882464408875,0.7361807823181152,0.7398955225944519,0.7382693290710449],[0.5244800448417664,0.5196443200111389,0.7175801992416382,0.7141450643539429,0.6522851586341858,0.6485939621925354],[0.408943772315979,0.4102628529071808,0.6498674750328064,0.648125946521759,0.6247066855430603,0.6263663172721863],[0.45528310537338257,0.4546409249305725,0.7147697806358337,0.7120165228843689,0.6607861518859863,0.6607568264007568]]","[0.861111111111111,0.8645833333333334,0.8680555555555555,0.8576388888888888,0.8576388888888888]","[0.8611111111111112,0.8645833333333334,0.8402777777777777,0.8645833333333334]"
2,hierarchical,matryoshka,0.8402777777777778,0.7625355124473572,0.8541666666666666,0.7373449325561523,0.724899023771286,,0.1694968417286873,20808,10,0.9329558750032448,[],[],"[1.0,1.0,1.0,1.0]","[1.0,1.0,1.0,1.0,1.0,1.0]","[[0.6653713583946228,0.6691246032714844,0.6738099455833435,0.6886183023452759,0.7046442031860352,0.6949681043624878,0.6821969151496887],[0.7300795316696167,0.7441766858100891,0.7564277648925781,0.7602874636650085,0.7628359198570251,0.757072925567627,0.7499747276306152],[0.7166295647621155,0.7205614447593689,0.7262223362922668,0.7386083006858826,0.753221869468689,0.7498987913131714,0.7462602257728577],[0.7486736178398132,0.7551822662353516,0.7628740072250366,0.7728092670440674,0.7838962078094482,0.7811922430992126,0.7785314321517944],[0.7054306864738464,0.7144384384155273,0.7261683940887451,0.7363141775131226,0.7485737800598145,0.7452122569084167,0.74242103099823]]","[[0.7526950836181641,0.7506694793701172,0.8007978796958923,0.7979499101638794,0.7561221122741699,0.7533187866210938],[0.6637634634971619,0.6625859141349792,0.7434733510017395,0.7415118217468262,0.6746935248374939,0.6656524538993835],[0.7093302011489868,0.7112988829612732,0.7577507495880127,0.7528789639472961,0.6681973338127136,0.6679756045341492],[0.7168154120445251,0.7167732119560242,0.7413941621780396,0.7347569465637207,0.6543737649917603,0.6505486965179443]]","[0.8819444444444443,0.8715277777777778,0.8541666666666666,0.8263888888888888,0.8402777777777778]","[0.8819444444444445,0.8680555555555557,0.8333333333333334,0.8402777777777778]"
3,hierarchical,matryoshka,0.892361111111111,0.7281195521354675,0.5833333333333334,0.8152202844619751,0.7330847084522247,,0.0497975945472717,20808,10,0.714793708990328,[],[],"[1.0,1.0,1.0,1.0]","[1.0,1.0,1.0,1.0,1.0,1.0]","[[0.8581278324127197,0.8696039915084839,0.8655881285667419,0.8757880330085754,0.8849710822105408,0.8775631785392761,0.8611227869987488],[0.7691682577133179,0.7760881185531616,0.7740414142608643,0.785152792930603,0.7964496612548828,0.7930145859718323,0.7825633883476257],[0.7853196263313293,0.8148167133331299,0.8308195471763611,0.8356039524078369,0.8382167816162109,0.8233954906463623,0.79982990026474],[0.7907183766365051,0.8211463689804077,0.8381891250610352,0.8421775102615356,0.844045877456665,0.8297328352928162,0.8068448305130005],[0.7452355623245239,0.7685092687606812,0.7808282375335693,0.788878858089447,0.7970777153968811,0.7843865156173706,0.7642823457717896]]","[[0.7338051795959473,0.7317804098129272,0.7279092073440552,0.7210060358047485,0.6124773025512695,0.6071686148643494],[0.82752525806427,0.8231549263000488,0.76742023229599,0.7641465663909912,0.6422972083091736,0.6325517296791077],[0.8039146661758423,0.7994703054428101,0.7909130454063416,0.7893545031547546,0.6645333766937256,0.654087483882904],[0.8410846590995789,0.837696373462677,0.7571389079093933,0.7528830170631409,0.651163637638092,0.641758918762207]]","[0.888888888888889,0.8923611111111112,0.8854166666666666,0.8888888888888888,0.892361111111111]","[0.9027777777777777,0.8958333333333334,0.888888888888889,0.8958333333333334]"
4,hierarchical,matryoshka,0.8472222222222222,0.8184342384338379,0.625,0.8023090481758117,0.7746805399656296,,0.0400688461959362,20808,10,0.9996561669977382,[],[],"[1.0,1.0,1.0,1.0]","[1.0,1.0,1.0,1.0,1.0,1.0]","[[0.8428841233253479,0.8372105360031128,0.8307512998580933,0.8276647925376892,0.8237981796264648,0.8357487320899963,0.8484323024749756],[0.834869384765625,0.8323149681091309,0.8305755257606506,0.8268679976463318,0.8241205811500549,0.8363680839538574,0.8505516648292542],[0.7947479486465454,0.786549985408783,0.7796233296394348,0.7800351977348328,0.7812255024909973,0.79308021068573,0.806995689868927],[0.791006326675415,0.7879649996757507,0.7855738997459412,0.7877910137176514,0.7908598780632019,0.7969334721565247,0.8031641840934753],[0.7477498054504395,0.7439663410186768,0.7422940135002136,0.7419789433479309,0.7437160015106201,0.754185140132904,0.7671905159950256]]","[[0.7944504618644714,0.7898487448692322,0.7744928598403931,0.7774715423583984,0.8327663540840149,0.8299294710159302],[0.7261372208595276,0.7171092629432678,0.7518307566642761,0.7484546899795532,0.7892229557037354,0.7840283513069153],[0.7755393385887146,0.7671591639518738,0.7566428780555725,0.7572792768478394,0.7850618362426758,0.7821112275123596],[0.7707239389419556,0.7639192342758179,0.7913780212402344,0.7905582785606384,0.7998788356781006,0.7951616644859314]]","[0.84375,0.8368055555555555,0.8402777777777778,0.84375,0.8472222222222222]","[0.84375,0.8576388888888888,0.8368055555555555,0.8541666666666666]"
0,hierarchical,dda_fixed,0.8958333333333334,0.7760306000709534,0.6875,0.784041702747345,0.7689944505691528,0.2357022603955158,0.1530825719237327,20808,10,1.2628673329891171,"[0.0,2.0,3.0,5.0]",[],"[1.0,1.0,1.0,1.0]","[1.0,1.0,1.0,1.0,1.0,1.0]","[[0.8251057267189026,0.8524312376976013,0.8691018223762512,0.8698484897613525,0.8661805391311646,0.8580161929130554,0.8422560095787048],[0.7780789732933044,0.801752507686615,0.8169779777526855,0.8098349571228027,0.8010881543159485,0.8080828785896301,0.8139129281044006],[0.7653416991233826,0.7686386108398438,0.7623598575592041,0.7706419229507446,0.7766757607460022,0.7862985134124756,0.7956119179725647],[0.7622225284576416,0.7595542073249817,0.7475069165229797,0.7603184580802917,0.7714792490005493,0.7825115919113159,0.7936078310012817],[0.6995356678962708,0.7097749710083008,0.7124457955360413,0.7180101871490479,0.7226942777633667,0.7292449474334717,0.7360036373138428]]","[[0.8169856667518616,0.8163450360298157,0.7574260234832764,0.7584733366966248,0.739291787147522,0.737261176109314],[0.6510521769523621,0.6609731316566467,0.7714660167694092,0.7666327953338623,0.8067340850830078,0.8032302260398865],[0.646651566028595,0.6526305079460144,0.7356739640235901,0.7324604392051697,0.7543931603431702,0.7525109052658081],[0.5414297580718994,0.5479112267494202,0.6537386775016785,0.6492217183113098,0.7532203197479248,0.7550656795501709]]","[0.9236111111111112,0.90625,0.90625,0.8993055555555555,0.8958333333333334]","[0.9097222222222222,0.8958333333333334,0.8958333333333334,0.8888888888888888]"
1,hierarchical,dda_fixed,0.8645833333333334,0.7225331664085388,0.75,0.6960231542587281,0.6711753904819489,0.2357022603955158,0.1251356229186058,20808,10,1.0494555839977693,"[0.0,2.0,3.0,5.0]",[],"[1.0,1.0,1.0,1.0]","[1.0,1.0,1.0,1.0,1.0,1.0]","[[0.7855127453804016,0.7637289762496948,0.7318945527076721,0.7559066414833069,0.7755290269851685,0.7823343873023987,0.7879793047904968],[0.7049804329872131,0.7184749841690063,0.7209511399269104,0.7324807047843933,0.7391483187675476,0.7359830737113953,0.7308424711227417],[0.6815106272697449,0.6767275929450989,0.6658298373222351,0.6893530488014221,0.7124220728874207,0.7117104530334473,0.7101129293441772],[0.6307985186576843,0.6023730039596558,0.57398921251297,0.6121110320091248,0.6551952958106995,0.6581384539604187,0.6618579626083374],[0.59903883934021,0.5855677127838135,0.5690006613731384,0.5952703952789307,0.6236558556556702,0.6259661912918091,0.6291035413742065]]","[[0.6786540746688843,0.6758671402931213,0.6235776543617249,0.6228722929954529,0.6485265493392944,0.6452774405479431],[0.4940825402736664,0.49206405878067017,0.6853931546211243,0.682868242263794,0.6051601767539978,0.6033912301063538],[0.5191936492919922,0.5160816311836243,0.6863210201263428,0.6835745573043823,0.6204808354377747,0.618249773979187],[0.46686288714408875,0.46523988246917725,0.6257691383361816,0.622336208820343,0.6374261975288391,0.6370797753334045]]","[0.8645833333333334,0.8645833333333334,0.857638888888889,0.8715277777777778,0.8645833333333334]","[0.8541666666666666,0.8506944444444445,0.8541666666666666,0.8541666666666666]"
2,hierarchical,dda_fixed,0.861111111111111,0.7635733485221863,0.7916666666666666,0.7362529158592224,0.726846769452095,0.2357022603955158,0.2005722373723983,20808,10,0.9572867089882492,"[0.0,2.0,3.0,5.0]",[],"[1.0,1.0,1.0,1.0]","[1.0,1.0,1.0,1.0,1.0,1.0]","[[0.7304774522781372,0.7280954718589783,0.7267581820487976,0.7426092624664307,0.7597275376319885,0.7539793848991394,0.745649516582489],[0.7140564322471619,0.7334798574447632,0.750259518623352,0.7496832013130188,0.74687659740448,0.7405837774276733,0.7327316999435425],[0.713962972164154,0.7218541502952576,0.7314006090164185,0.7421838045120239,0.7544361352920532,0.7489303946495056,0.7423734664916992],[0.7022446393966675,0.7065218091011047,0.7141405344009399,0.7289658188819885,0.7465322017669678,0.7410481572151184,0.7348408699035645],[0.6759085059165955,0.6767448782920837,0.6816130876541138,0.6981104612350464,0.7187901735305786,0.7152572274208069,0.7118116021156311]]","[[0.7533809542655945,0.7539103627204895,0.7299280166625977,0.7285940647125244,0.6906719207763672,0.6912040710449219],[0.6828995943069458,0.6861553192138672,0.7552333474159241,0.7499648332595825,0.6142920851707458,0.6106231212615967],[0.6727178692817688,0.6765478849411011,0.7155823111534119,0.7071375250816345,0.5681580901145935,0.5664246082305908],[0.6920598149299622,0.6924507021903992,0.7033032774925232,0.7075994610786438,0.6919355392456055,0.691635251045227]]","[0.8958333333333334,0.875,0.8645833333333334,0.861111111111111,0.861111111111111]","[0.8819444444444443,0.8715277777777778,0.861111111111111,0.875]"
3,hierarchical,dda_fixed,0.8958333333333334,0.7253987193107605,0.75,0.8368535518646241,0.7782696187496185,0.2357022603955158,0.0873713716864585,20808,10,1.7510584169940555,"[0.0,2.0,3.0,5.0]",[],"[1.0,1.0,1.0,1.0]","[1.0,1.0,1.0,1.0,1.0,1.0]","[[0.8708343505859375,0.8793213367462158,0.8727883696556091,0.8831366300582886,0.892274022102356,0.8873558640480042,0.8736979961395264],[0.8350300192832947,0.8610822558403015,0.872694194316864,0.8759873509407043,0.8765326142311096,0.8663401007652283,0.8476253151893616],[0.8032578825950623,0.8222993016242981,0.8292775750160217,0.8359205722808838,0.8413175344467163,0.8336036205291748,0.8185399770736694],[0.796689510345459,0.8007187843322754,0.7963970303535461,0.8083142042160034,0.8214484453201294,0.8210790753364563,0.8148298859596252],[0.7624756693840027,0.7792577147483826,0.7863616943359375,0.7925914525985718,0.7985700368881226,0.7938602566719055,0.7833701968193054]]","[[0.8456432819366455,0.8422449231147766,0.7922241687774658,0.7894034385681152,0.7177929282188416,0.7092171907424927],[0.7843272089958191,0.7807409763336182,0.7931030988693237,0.789424479007721,0.679368793964386,0.6721712946891785],[0.7786431312561035,0.7749335169792175,0.7822906374931335,0.779742419719696,0.679858386516571,0.672139585018158],[0.5929858088493347,0.5904906988143921,0.6863632798194885,0.6865544319152832,0.6962512135505676,0.6945896744728088]]","[0.8854166666666666,0.875,0.892361111111111,0.8888888888888888,0.8958333333333334]","[0.892361111111111,0.8819444444444445,0.8854166666666666,0.8680555555555555]"
4,hierarchical,dda_fixed,0.8541666666666666,0.7934725880622864,0.7083333333333334,0.8145651936531066,0.8054063618183136,0.2357022603955158,0.047646589577198,20808,10,1.188119500002358,"[0.0,2.0,3.0,5.0]",[],"[1.0,1.0,1.0,1.0]","[1.0,1.0,1.0,1.0,1.0,1.0]","[[0.8525153994560242,0.8490964770317078,0.8449278473854065,0.8437601327896118,0.8419299125671387,0.8502861261367798,0.857947826385498],[0.8011844754219055,0.8080962300300598,0.8157476186752319,0.810445249080658,0.8070251941680908,0.8144736289978027,0.8223428130149841],[0.8156600594520569,0.8150190114974976,0.8155268430709839,0.8130353689193726,0.8120715618133545,0.8220926523208618,0.8335145115852356],[0.8048973679542542,0.8042176365852356,0.8050451874732971,0.8049797415733337,0.8064203858375549,0.8138999342918396,0.8220899105072021],[0.7621500492095947,0.7626914978027344,0.766033947467804,0.7648104429244995,0.7659137845039368,0.7745453715324402,0.7851071953773499]]","[[0.8018881678581238,0.7975282073020935,0.7836940884590149,0.7854175567626953,0.7840926647186279,0.7808064818382263],[0.7705098986625671,0.7633784413337708,0.7860464453697205,0.7846312522888184,0.8048410415649414,0.8003251552581787],[0.8014439344406128,0.7952155470848083,0.7902182340621948,0.7905058264732361,0.7805590629577637,0.776888370513916],[0.7606016993522644,0.7525472044944763,0.7676248550415039,0.7692099809646606,0.8464627861976624,0.8431850075721741]]","[0.8472222222222223,0.8506944444444443,0.8333333333333334,0.8472222222222222,0.8541666666666666]","[0.8611111111111112,0.8611111111111112,0.8576388888888888,0.8680555555555555]"
0,hierarchical,dda_learned,0.9027777777777776,0.7730544209480286,0.6875,0.7818060874938965,0.766030877828598,0.3129659509096276,0.1547453850507736,20832,10,1.1559538329893255,"[0.21977689862251282,2.047274589538574,2.952146530151367,4.769082069396973]","[[0.9254959225654602,0.016537735238671303,0.014401378110051155,0.01440624799579382,0.014576084911823273,0.014582661911845207],[0.014830651693046093,0.014832166023552418,0.9246675372123718,0.014936938881874084,0.015367367304861546,0.015365404076874256],[0.0150489816442132,0.01507022324949503,0.016732575371861458,0.9237068891525269,0.0147156473249197,0.014725628308951855],[0.015266282483935356,0.015277271158993244,0.015205937437713146,0.015206982381641865,0.017445078119635582,0.9215983748435974]]","[1.0,1.0,1.0,1.0]","[1.0,1.0,1.0,1.0,1.0,1.0]","[[0.8251261115074158,0.8521746397018433,0.868583619594574,0.8694839477539062,0.8659605383872986,0.8579320907592773,0.8423786759376526],[0.7781675457954407,0.8011282682418823,0.8155407309532166,0.8088014125823975,0.8003805875778198,0.8075276613235474,0.8135139346122742],[0.7612290978431702,0.7641369700431824,0.7573563456535339,0.7659316062927246,0.7721927762031555,0.7816293835639954,0.7907032370567322],[0.7586109638214111,0.7557648420333862,0.7434484362602234,0.75639808177948,0.7676517963409424,0.7785036563873291,0.7893725633621216],[0.6983846426010132,0.7090957760810852,0.712263822555542,0.7177087068557739,0.7222765684127808,0.728473424911499,0.7347801923751831]]","[[0.8147627711296082,0.8141042590141296,0.7556266188621521,0.7566343545913696,0.7385179400444031,0.7365714311599731],[0.6479849219322205,0.6580012440681458,0.7704492807388306,0.76552814245224,0.8057278990745544,0.8021508455276489],[0.6427170634269714,0.6484647393226624,0.7307436466217041,0.7275667786598206,0.7491453886032104,0.747389018535614],[0.5371283888816833,0.5433591604232788,0.6492887735366821,0.6447018384933472,0.7493789196014404,0.7513446807861328]]","[0.9236111111111112,0.9097222222222223,0.90625,0.9027777777777777,0.9027777777777777]","[0.9097222222222222,0.8958333333333334,0.8888888888888888,0.8888888888888888]"
1,hierarchical,dda_learned,0.8645833333333334,0.7243399620056152,0.75,0.6948970437049866,0.6705755144357681,0.3195781634868476,0.1265197768807411,20832,10,1.582947624992812,"[0.24528510868549347,2.047400712966919,2.952378273010254,4.758606433868408]","[[0.9199100136756897,0.015652509406208992,0.015081601217389107,0.015086687169969082,0.017136983573436737,0.017132284119725227],[0.014608192257583141,0.014608457684516907,0.9245081543922424,0.01629745587706566,0.015005137771368027,0.014972626231610775],[0.016006914898753166,0.015979858115315437,0.016846472397446632,0.9183639287948608,0.016400203108787537,0.016402611508965492],[0.01642393134534359,0.016406673938035965,0.015168982557952404,0.015160550363361835,0.017819732427597046,0.9190202355384827]]","[1.0,1.0,1.0,1.0]","[1.0,1.0,1.0,1.0,1.0,1.0]","[[0.7846344113349915,0.7620954513549805,0.7297156453132629,0.7540783286094666,0.7741458415985107,0.781177818775177,0.7871217727661133],[0.7060537338256836,0.7175700068473816,0.7185143232345581,0.7312893867492676,0.7395322322845459,0.7367004752159119,0.7319908738136292],[0.6802312135696411,0.673572301864624,0.6612279415130615,0.6858080625534058,0.7102634906768799,0.7099485993385315,0.7088837027549744],[0.6312682032585144,0.6029264330863953,0.5745903253555298,0.6128050684928894,0.6560165286064148,0.6588488221168518,0.6624219417572021],[0.5994915962219238,0.5866177082061768,0.5704900026321411,0.596622109413147,0.6248316168785095,0.6268206238746643,0.6295118927955627]]","[[0.6739088892936707,0.6712770462036133,0.6255124807357788,0.624768853187561,0.6498456001281738,0.6467470526695251],[0.49184805154800415,0.48977500200271606,0.685163140296936,0.6826508641242981,0.6016777753829956,0.5998457670211792],[0.5159858465194702,0.5128838419914246,0.6890130043029785,0.6862905621528625,0.6186730265617371,0.6163773536682129],[0.46492353081703186,0.4633960723876953,0.6265195608139038,0.6230882406234741,0.6372287273406982,0.6369394659996033]]","[0.8645833333333334,0.8645833333333334,0.857638888888889,0.8715277777777778,0.8645833333333334]","[0.8541666666666666,0.8506944444444445,0.8541666666666666,0.8541666666666666]"
2,hierarchical,dda_learned,0.861111111111111,0.7630017399787903,0.7916666666666666,0.7355453133583069,0.7295881658792496,0.3242808689763402,0.2023525089025497,20832,10,1.1992356670089066,"[0.25008076429367065,2.049917697906494,2.9430205821990967,4.757375717163086]","[[0.9170482158660889,0.017044637352228165,0.015886947512626648,0.015892138704657555,0.01705482415854931,0.01707330346107483],[0.015791254118084908,0.015814751386642456,0.9198431372642517,0.016046203672885895,0.016245156526565552,0.016259493306279182],[0.017444387078285217,0.017452707514166832,0.01779945194721222,0.9152635335922241,0.01602093316614628,0.016018962487578392],[0.016089070588350296,0.01610904559493065,0.016151441261172295,0.01614334061741829,0.017001161351799965,0.9185059070587158]]","[1.0,1.0,1.0,1.0]","[1.0,1.0,1.0,1.0,1.0,1.0]","[[0.7266374826431274,0.7241760492324829,0.7228195667266846,0.7388784289360046,0.7562549114227295,0.7503420114517212,0.7418162226676941],[0.7153512239456177,0.7343524098396301,0.7507185935974121,0.750461995601654,0.7480274438858032,0.7417094111442566,0.7338033318519592],[0.7150442004203796,0.722811758518219,0.7322506904602051,0.7433585524559021,0.75599205493927,0.7502799034118652,0.7434738278388977],[0.7019528150558472,0.7062132358551025,0.7138276100158691,0.7289366126060486,0.7468513250350952,0.7411193251609802,0.7346212267875671],[0.6741028428077698,0.6750639081001282,0.6800920367240906,0.696832001209259,0.7178335189819336,0.7139818668365479,0.7101606130599976]]","[[0.753294825553894,0.753835916519165,0.7344280481338501,0.7330467700958252,0.6932471394538879,0.6936800479888916],[0.6826911568641663,0.6859889626502991,0.7610968947410583,0.7557915449142456,0.61733478307724,0.6134896278381348],[0.6714895367622375,0.6753276586532593,0.7155938148498535,0.7070875763893127,0.5676367878913879,0.5658167600631714],[0.6940815448760986,0.6943756937980652,0.7123945951461792,0.7166545391082764,0.69758141040802,0.6968733668327332]]","[0.8958333333333334,0.8784722222222223,0.8611111111111112,0.8576388888888888,0.861111111111111]","[0.8819444444444443,0.8715277777777778,0.8576388888888888,0.8715277777777777]"
3,hierarchical,dda_learned,0.892361111111111,0.726036548614502,0.7291666666666666,0.8367686748504639,0.7798606306314468,0.3114390310099156,0.0875943303108215,20832,10,0.951662874984322,"[0.21566416323184967,2.045027494430542,2.947659969329834,4.77736759185791]","[[0.9270705580711365,0.015896610915660858,0.014214598573744297,0.014221101067960262,0.014311003498733044,0.014286206103861332],[0.014895749278366566,0.014890081249177456,0.9243179559707642,0.016683680936694145,0.014612043276429176,0.014600452966988087],[0.016339058056473732,0.016407795250415802,0.017299357801675797,0.9187580347061157,0.015599741600453854,0.015596051700413227],[0.014698176644742489,0.01470675878226757,0.014649673365056515,0.014651749283075333,0.017062008380889893,0.9242315888404846]]","[1.0,1.0,1.0,1.0]","[1.0,1.0,1.0,1.0,1.0,1.0]","[[0.8723359704017639,0.8803919553756714,0.873548686504364,0.8841957449913025,0.8937401175498962,0.8889147043228149,0.8753476142883301],[0.8386646509170532,0.8614636659622192,0.870261013507843,0.8748494386672974,0.8772453665733337,0.8684119582176208,0.8512938022613525],[0.8031225800514221,0.8222273588180542,0.8289803266525269,0.836080014705658,0.8421692252159119,0.8338358402252197,0.8180832862854004],[0.7967489361763,0.8023403286933899,0.7990530729293823,0.810975193977356,0.8241897821426392,0.8224909901618958,0.8147542476654053],[0.7597938776016235,0.7806679010391235,0.7912082672119141,0.7963308095932007,0.8008230328559875,0.7939339876174927,0.7809765934944153]]","[[0.8353153467178345,0.8318392038345337,0.7950605750083923,0.7923353910446167,0.7202789783477783,0.7120987176895142],[0.774823009967804,0.7708755731582642,0.7959155440330505,0.792633593082428,0.6756342649459839,0.6684882044792175],[0.7797561287879944,0.7755656838417053,0.7869430184364319,0.7846923470497131,0.6820094585418701,0.6742709875106812],[0.5920506715774536,0.5887921452522278,0.6982675790786743,0.6990302801132202,0.7052795886993408,0.7035192847251892]]","[0.8854166666666666,0.8819444444444443,0.8888888888888888,0.892361111111111,0.892361111111111]","[0.9027777777777778,0.8888888888888888,0.8819444444444445,0.875]"
4,hierarchical,dda_learned,0.8541666666666666,0.7948651313781738,0.7083333333333334,0.8148481369018554,0.8057250529527664,0.3124047062426036,0.0481762588024139,20832,10,0.8111037080234382,"[0.22576287388801575,2.0462710857391357,2.95369029045105,4.773748874664307]","[[0.9241007566452026,0.01668366603553295,0.014347436837852001,0.014347655698657036,0.015261017717421055,0.015259459614753723],[0.014704933390021324,0.014702731743454933,0.9249227046966553,0.015866536647081375,0.014892244711518288,0.014910884201526642],[0.014920731075108051,0.0149130430072546,0.017113955691456795,0.9228013753890991,0.015108811669051647,0.015142031945288181],[0.014815900474786758,0.014820239506661892,0.01512917596846819,0.015129067935049534,0.017245473340153694,0.9228602051734924]]","[1.0,1.0,1.0,1.0]","[1.0,1.0,1.0,1.0,1.0,1.0]","[[0.8521984219551086,0.8488695025444031,0.8447675704956055,0.8436450958251953,0.8418563604354858,0.8500893115997314,0.8575844764709473],[0.8000988364219666,0.8072311878204346,0.8150312304496765,0.8095953464508057,0.8060154914855957,0.8134114742279053,0.8212130069732666],[0.8164325952529907,0.8158539533615112,0.8163605332374573,0.8138706684112549,0.8128635287284851,0.822804868221283,0.8341151475906372],[0.8057031631469727,0.805311381816864,0.8063952922821045,0.8062756657600403,0.8076362609863281,0.814954400062561,0.8229239583015442],[0.7626678943634033,0.7632289528846741,0.7665645480155945,0.7654276490211487,0.7665953636169434,0.7751088738441467,0.7855041027069092]]","[[0.7998225092887878,0.7954838871955872,0.7810170650482178,0.7826418280601501,0.7804331183433533,0.7771351933479309],[0.7711691856384277,0.7639972567558289,0.7878009080886841,0.7862796783447266,0.8046706914901733,0.8000615835189819],[0.8019246459007263,0.795549213886261,0.7903288006782532,0.790415346622467,0.7803710699081421,0.7765902876853943],[0.7628981471061707,0.7549711465835571,0.7686723470687866,0.7704415321350098,0.8481322526931763,0.8448614478111267]]","[0.8472222222222223,0.8472222222222222,0.8402777777777778,0.8472222222222222,0.8541666666666666]","[0.8611111111111112,0.8611111111111112,0.8611111111111112,0.8784722222222222]"
0,hierarchical,dda_monotonic,0.8993055555555555,0.7838871479034424,0.7291666666666666,0.7775699138641358,0.7421182245016098,0.7547021480213875,0.1651156470179557,20812,10,0.9233741670032032,"[1.1838057041168213,2.483213186264038,3.791762351989746,5.0]","[[0.07141518592834473,0.6847304105758667,0.24074895679950714,0.003104024799540639,1.4675789543616702e-06,2.5444514550887476e-11],[2.730818414420355e-05,0.019211480394005775,0.49561482667922974,0.46886059641838074,0.016265185549855232,2.0691413737949915e-05],[3.461991804343256e-11,1.8418575109535595e-06,0.0035933824256062508,0.2570786476135254,0.6744419932365417,0.06488420814275742],[9.492179804430026e-19,2.741223697685924e-12,2.9029448000983393e-07,0.0011273256968706846,0.16053718328475952,0.8383352756500244]]","[1.0,1.0,1.0,1.0]","[1.0,1.0,1.0,1.0,1.0,1.0]","[[0.834593653678894,0.8564637899398804,0.8671925067901611,0.8698200583457947,0.8677576780319214,0.8625929951667786,0.8504440784454346],[0.7891597151756287,0.8066769242286682,0.81507807970047,0.8114208579063416,0.8057860136032104,0.8148830533027649,0.823269784450531],[0.7728034853935242,0.7653137445449829,0.7474572658538818,0.7603785395622253,0.7707985043525696,0.7853546142578125,0.800609290599823],[0.7541182637214661,0.7466630339622498,0.7288203239440918,0.7416016459465027,0.7523248195648193,0.7667912244796753,0.7822378873825073],[0.6900132298469543,0.6916986703872681,0.6848070621490479,0.689216673374176,0.6928520798683167,0.7079623341560364,0.72547447681427]]","[[0.7931146621704102,0.7939127087593079,0.7593212127685547,0.7593631744384766,0.7638161182403564,0.7628790140151978],[0.6192657947540283,0.6299619674682617,0.7544073462486267,0.7490537762641907,0.8202108144760132,0.8171294331550598],[0.5749877095222473,0.580471396446228,0.669306218624115,0.6655826568603516,0.7868082523345947,0.7889909744262695],[0.4896649718284607,0.4971216917037964,0.6182194948196411,0.6137202978134155,0.7526218891143799,0.7553682327270508]]","[0.9236111111111112,0.9131944444444445,0.9097222222222223,0.90625,0.8993055555555555]","[0.9166666666666666,0.9027777777777778,0.8854166666666666,0.8854166666666666]"
1,hierarchical,dda_monotonic,0.8541666666666666,0.7439472675323486,0.7291666666666666,0.6899537801742553,0.6521142721176147,0.7602051699172809,0.1362994909286499,20812,10,1.0033780420199037,"[1.1946111917495728,2.490616798400879,3.7868285179138184,5.0]","[[0.06846562027931213,0.6803224086761475,0.2478979080915451,0.003312431275844574,1.6230663959504454e-06,2.9163595149928057e-11],[2.5696113880258054e-05,0.018525270745158195,0.48975318670272827,0.47479477524757385,0.016879146918654442,2.2004469428793527e-05],[3.683234620077691e-11,1.927866605910822e-06,0.0037003306206315756,0.26044729351997375,0.6722255945205688,0.06362475454807281],[9.492179804430026e-19,2.741223697685924e-12,2.9029448000983393e-07,0.0011273256968706846,0.16053718328475952,0.8383352756500244]]","[1.0,1.0,1.0,1.0]","[1.0,1.0,1.0,1.0,1.0,1.0]","[[0.7895508408546448,0.7678430080413818,0.735885500907898,0.7591334581375122,0.7776854038238525,0.7851200103759766,0.7915593981742859],[0.7009406685829163,0.7216246724128723,0.7296956181526184,0.7391570210456848,0.7433826923370361,0.7367741465568542,0.7270435094833374],[0.6487585306167603,0.635004460811615,0.6182301640510559,0.6504231691360474,0.685594379901886,0.6835441589355469,0.6804516911506653],[0.6318334937095642,0.6042281985282898,0.5766744613647461,0.6142148375511169,0.6562889814376831,0.6590823531150818,0.6625159978866577],[0.5942057967185974,0.5818884372711182,0.5663834810256958,0.5913550853729248,0.6179218888282776,0.6204212307929993,0.6238102912902832]]","[[0.6760539412498474,0.6735765337944031,0.6438661217689514,0.6435659527778625,0.6446294188499451,0.6412969827651978],[0.47455668449401855,0.4728124737739563,0.6898353099822998,0.6870783567428589,0.5905085802078247,0.588681697845459],[0.546247124671936,0.5419098138809204,0.6125664710998535,0.6104716062545776,0.6088364124298096,0.6057620644569397],[0.4750356078147888,0.4743165075778961,0.6317861676216125,0.6291865110397339,0.6321054697036743,0.6320962309837341]]","[0.8784722222222223,0.8645833333333334,0.861111111111111,0.8576388888888888,0.8541666666666666]","[0.8680555555555557,0.8402777777777778,0.8541666666666666,0.8472222222222223]"
2,hierarchical,dda_monotonic,0.8680555555555557,0.759193480014801,0.8125,0.7379790663719177,0.7368412762880325,0.7354094949539917,0.1880228444933891,20812,10,1.1943827079958282,"[1.1885300874710083,2.445624351501465,3.7127139568328857,5.0]","[[0.07011348009109497,0.6828311681747437,0.2438601851463318,0.0031936285085976124,1.5337113836721983e-06,2.7009592479254607e-11],[3.708265285240486e-05,0.023039476945996284,0.52491694688797,0.4385552704334259,0.013436120003461838,1.509521734988084e-05],[9.251367727447501e-11,3.7900815641478403e-06,0.005693867336958647,0.31367623805999756,0.633682370185852,0.04694370925426483],[9.492179804430026e-19,2.741223697685924e-12,2.9029448000983393e-07,0.0011273256968706846,0.16053718328475952,0.8383352756500244]]","[1.0,1.0,1.0,1.0]","[1.0,1.0,1.0,1.0,1.0,1.0]","[[0.7351613640785217,0.7326669692993164,0.7310367226600647,0.7470881938934326,0.7643815279006958,0.7583656907081604,0.7496220469474792],[0.7311875820159912,0.7481401562690735,0.7628343105316162,0.7625468373298645,0.7603529691696167,0.7565506100654602,0.7519261837005615],[0.7151654958724976,0.7218919992446899,0.7304470539093018,0.740293025970459,0.7518507838249207,0.7489476799964905,0.745807945728302],[0.6990519165992737,0.7056688666343689,0.7151322960853577,0.7292778491973877,0.7461675405502319,0.7395832538604736,0.732061505317688],[0.6692320108413696,0.675749659538269,0.6854247450828552,0.6974964737892151,0.7126296162605286,0.7089183926582336,0.7054390907287598]]","[[0.7455872893333435,0.7451250553131104,0.7308396697044373,0.7305277585983276,0.7051910161972046,0.7038976550102234],[0.7033963203430176,0.704542338848114,0.7754079103469849,0.7742747664451599,0.6793503761291504,0.6742434501647949],[0.7048324346542358,0.7060524225234985,0.7280895709991455,0.7281748652458191,0.6716021299362183,0.6696226596832275],[0.6933175921440125,0.6923852562904358,0.7069860696792603,0.7112106680870056,0.7007213830947876,0.6981950402259827]]","[0.8784722222222222,0.8784722222222222,0.8784722222222222,0.8645833333333334,0.8680555555555557]","[0.8854166666666666,0.8715277777777778,0.8645833333333334,0.8715277777777778]"
3,hierarchical,dda_monotonic,0.8958333333333334,0.7152209877967834,0.75,0.8364386916160583,0.7655141651630402,0.7621890670964832,0.0950990542769432,20812,10,0.9091552500030956,"[1.204132080078125,2.4875009059906006,3.780575752258301,5.0]","[[0.06594724208116531,0.6762511134147644,0.25429341197013855,0.0035065331030637026,1.7731172192725353e-06,3.2878443023687254e-11],[2.6363239157944918e-05,0.01881146803498268,0.4922231137752533,0.4722992479801178,0.016618361696600914,2.1442483557621017e-05],[3.983608581892284e-11,2.0424311060196487e-06,0.0038400220219045877,0.26475000381469727,0.66935133934021,0.062056612223386765],[9.492179804430026e-19,2.741223697685924e-12,2.9029448000983393e-07,0.0011273256968706846,0.16053718328475952,0.8383352756500244]]","[1.0,1.0,1.0,1.0]","[1.0,1.0,1.0,1.0,1.0,1.0]","[[0.872124195098877,0.8764806389808655,0.8667156100273132,0.8786351084709167,0.889953076839447,0.8869125247001648,0.8754706978797913],[0.8423821330070496,0.8606905341148376,0.8655882477760315,0.8713809251785278,0.8754134178161621,0.8689481616020203,0.8545858860015869],[0.8173730373382568,0.8246645927429199,0.821908175945282,0.8324832916259766,0.8437522053718567,0.8420445919036865,0.8340473175048828],[0.7968983054161072,0.8150557279586792,0.8216381669044495,0.828872561454773,0.8354195952415466,0.8278948068618774,0.8131892681121826],[0.7559500932693481,0.7734403014183044,0.7810641527175903,0.7863845825195312,0.7912047505378723,0.7867089509963989,0.7765781283378601]]","[[0.8283925652503967,0.8247930407524109,0.806095540523529,0.8036265969276428,0.7313586473464966,0.7233259081840515],[0.7642323970794678,0.7597616314888,0.7923151254653931,0.7893500924110413,0.667639434337616,0.660067617893219],[0.7020898461341858,0.6971874833106995,0.7396246790885925,0.7396353483200073,0.7129129767417908,0.7079078555107117],[0.6246752738952637,0.6205794811248779,0.7175400257110596,0.7181534767150879,0.7045577168464661,0.7017136216163635]]","[0.8854166666666666,0.8854166666666666,0.8888888888888888,0.8854166666666666,0.8958333333333334]","[0.8958333333333334,0.8854166666666666,0.8645833333333334,0.8680555555555555]"
4,hierarchical,dda_monotonic,0.8611111111111112,0.8087368011474609,0.6666666666666666,0.8101449847221375,0.7960782945156097,0.7481097496080299,0.0569042935967445,20812,10,1.0325764169974718,"[1.1743396520614624,2.4777445793151855,3.782501220703125,5.0]","[[0.07408053427934647,0.6884032487869263,0.2345835268497467,0.0029313508421182632,1.3432443211058853e-06,2.2571316343755754e-11],[2.8560014470713213e-05,0.0197321604937315,0.4999277591705322,0.4644676744937897,0.01582411490380764,1.9769666323554702e-05],[3.888634553250725e-11,2.0064710497536e-06,0.003796503646299243,0.26342108845710754,0.6702442169189453,0.06253620237112045],[9.492179804430026e-19,2.741223697685924e-12,2.9029448000983393e-07,0.0011273256968706846,0.16053718328475952,0.8383352756500244]]","[1.0,1.0,1.0,1.0]","[1.0,1.0,1.0,1.0,1.0,1.0]","[[0.8539191484451294,0.849651575088501,0.8444840312004089,0.8433665633201599,0.8414667248725891,0.8502655029296875,0.8584892153739929],[0.7952975034713745,0.8041732907295227,0.8133552074432373,0.8069844841957092,0.8024507164955139,0.809467613697052,0.8169100880622864],[0.8115761280059814,0.8127334117889404,0.8145808577537537,0.8119924664497375,0.8107571005821228,0.8193560242652893,0.8289446234703064],[0.790690541267395,0.7903072237968445,0.7916880249977112,0.7902937531471252,0.7903426289558411,0.7990096211433411,0.8088470101356506],[0.75851970911026,0.7572553753852844,0.7585403919219971,0.7556320428848267,0.7547624111175537,0.7663941979408264,0.7811154723167419]]","[[0.786069929599762,0.7818521857261658,0.7652112245559692,0.7671390771865845,0.7713578939437866,0.7684349417686462],[0.7746583819389343,0.7677945494651794,0.7843320369720459,0.7827673554420471,0.7889564037322998,0.7847038507461548],[0.7849208116531372,0.7771247625350952,0.7640403509140015,0.7648230195045471,0.8339864611625671,0.8308045268058777],[0.7689856290817261,0.7616554498672485,0.7619361877441406,0.7643264532089233,0.8517899513244629,0.849088191986084]]","[0.8472222222222223,0.8368055555555555,0.8541666666666666,0.8541666666666666,0.8611111111111112]","[0.84375,0.8576388888888888,0.8506944444444443,0.8715277777777777]"
0,hierarchical,shuffled_residual,0.8888888888888888,0.823479950428009,0.75,0.7925032377243042,0.7311085015535355,0.2357022603955158,0.1507439836859703,20808,10,0.9319003749988042,"[0.0,2.0,3.0,5.0]",[],"[1.0,1.0,1.0,1.0]","[1.0,1.0,1.0,1.0,1.0,1.0]","[[0.8347437977790833,0.8578413724899292,0.870300829410553,0.87107253074646,0.8674278855323792,0.8636106848716736,0.853404700756073],[0.7912477850914001,0.7909340858459473,0.7807707190513611,0.7889432311058044,0.7940192222595215,0.8065332174301147,0.818519651889801],[0.7751500010490417,0.7818878889083862,0.7802581191062927,0.7909796237945557,0.7992411851882935,0.803803563117981,0.8066835403442383],[0.769489586353302,0.7726393938064575,0.7674534916877747,0.7817815542221069,0.7944798469543457,0.7989166378974915,0.8014441132545471],[0.7211000323295593,0.7343059182167053,0.7413576245307922,0.7454110383987427,0.7487307190895081,0.7550714612007141,0.7615422010421753]]","[[0.6851692795753479,0.6943457722663879,0.7696539163589478,0.7666521668434143,0.8323183655738831,0.8312228918075562],[0.6344127058982849,0.6464942097663879,0.7593356370925903,0.7543796896934509,0.7900397181510925,0.7871526479721069],[0.5759051442146301,0.5870824456214905,0.7127222418785095,0.7083174586296082,0.7260223627090454,0.7233801484107971],[0.7897073030471802,0.7960878610610962,0.778714656829834,0.7783433198928833,0.7751938700675964,0.7716116309165955]]","[0.9236111111111112,0.8958333333333334,0.8958333333333334,0.888888888888889,0.8888888888888888]","[0.90625,0.8958333333333334,0.875,0.8784722222222222]"
1,hierarchical,shuffled_residual,0.8645833333333334,0.7634446024894714,0.75,0.6775916934013366,0.6586442142724991,0.2357022603955158,0.1079569831490516,20808,10,0.6786164579971228,"[0.0,2.0,3.0,5.0]",[],"[1.0,1.0,1.0,1.0]","[1.0,1.0,1.0,1.0,1.0,1.0]","[[0.7894529700279236,0.7656720280647278,0.7320564389228821,0.7565426230430603,0.7767196297645569,0.7844589352607727,0.7912070751190186],[0.6848728060722351,0.6262180805206299,0.5720614194869995,0.6186649203300476,0.6702002286911011,0.6866520643234253,0.7072893977165222],[0.6936870217323303,0.668960690498352,0.6407468318939209,0.6719769835472107,0.7047634124755859,0.7105880379676819,0.7172068953514099],[0.6591037511825562,0.6410062909126282,0.6199014186859131,0.6523091197013855,0.6881615519523621,0.6892746686935425,0.6905103325843811],[0.6331662535667419,0.6272140145301819,0.6162184476852417,0.6399213671684265,0.6651262640953064,0.665554940700531,0.6663055419921875]]","[[0.5429303646087646,0.5402117371559143,0.699961245059967,0.6971951127052307,0.7013996243476868,0.6999571919441223],[0.5463266968727112,0.543000340461731,0.7426961660385132,0.741576075553894,0.6241998076438904,0.620975136756897],[0.5252108573913574,0.5221759080886841,0.7513154745101929,0.7488242983818054,0.6589522361755371,0.6564809083938599],[0.7044258117675781,0.6995183229446411,0.5883504152297974,0.5872822999954224,0.6054502725601196,0.6001260280609131]]","[0.8715277777777777,0.875,0.8715277777777778,0.8784722222222222,0.8645833333333334]","[0.8680555555555557,0.8819444444444445,0.8645833333333334,0.8576388888888888]"
2,hierarchical,shuffled_residual,0.8819444444444445,0.8036379814147949,0.7916666666666666,0.7423738002777099,0.7396592944860458,0.2357022603955158,0.1874447762966156,20808,10,0.5687177080253605,"[0.0,2.0,3.0,5.0]",[],"[1.0,1.0,1.0,1.0]","[1.0,1.0,1.0,1.0,1.0,1.0]","[[0.7061703205108643,0.7078419923782349,0.7105931639671326,0.7262257933616638,0.7432841062545776,0.7350380420684814,0.7239145040512085],[0.7765659093856812,0.7886560559272766,0.8006153106689453,0.8037436008453369,0.8070538640022278,0.8071503043174744,0.807937741279602],[0.7274396419525146,0.7333105802536011,0.7422062158584595,0.7564265131950378,0.7737269997596741,0.7685806751251221,0.7630573511123657],[0.7029902935028076,0.7085593342781067,0.7177225351333618,0.7334440350532532,0.7525340914726257,0.7461069226264954,0.7391017079353333],[0.6593731045722961,0.6686466932296753,0.6812451481819153,0.6937015652656555,0.7091397047042847,0.7027963995933533,0.6961227655410767]]","[[0.7621378302574158,0.760453462600708,0.7922247648239136,0.7960164546966553,0.7913497090339661,0.7878318428993225],[0.739195704460144,0.7398124933242798,0.8020755052566528,0.7978881597518921,0.7015401124954224,0.695327877998352],[0.6907398700714111,0.6924059391021729,0.7491328120231628,0.7431838512420654,0.6307011842727661,0.6259987950325012],[0.7153182625770569,0.7165998220443726,0.6794266700744629,0.6791772246360779,0.6507814526557922,0.6512399911880493]]","[0.8958333333333334,0.8819444444444443,0.8854166666666666,0.8819444444444445,0.8819444444444445]","[0.8784722222222223,0.8784722222222223,0.8611111111111112,0.8611111111111112]"
3,hierarchical,shuffled_residual,0.8923611111111112,0.7484273910522461,0.6875,0.8223100304603577,0.7099103629589081,0.2357022603955158,0.0840838178992271,20808,10,0.5970907919981983,"[0.0,2.0,3.0,5.0]",[],"[1.0,1.0,1.0,1.0]","[1.0,1.0,1.0,1.0,1.0,1.0]","[[0.8615906238555908,0.864147961139679,0.8531359434127808,0.8659695982933044,0.8789606094360352,0.8762959241867065,0.8653887510299683],[0.8161393404006958,0.8049648404121399,0.7859816551208496,0.797871470451355,0.8115161061286926,0.8231402039527893,0.8307188153266907],[0.8122442364692688,0.8218313455581665,0.8202798366546631,0.8301516771316528,0.8403811454772949,0.8373594284057617,0.827951192855835],[0.8063433170318604,0.8223206400871277,0.8269698619842529,0.8357452750205994,0.8444814682006836,0.8375582695007324,0.8235623836517334],[0.768972635269165,0.7942655682563782,0.8081853985786438,0.8129398226737976,0.8167495131492615,0.8065251708030701,0.7893447279930115]]","[[0.6558302044868469,0.6514397263526917,0.7569615840911865,0.7575563788414001,0.7309746742248535,0.7275699973106384],[0.8090900182723999,0.8053314089775085,0.782039225101471,0.7785753011703491,0.669617235660553,0.661249577999115],[0.7782740592956543,0.7747229933738708,0.7693533897399902,0.7669671177864075,0.670258104801178,0.6626009941101074],[0.8076022863388062,0.8038564324378967,0.7560194730758667,0.752979040145874,0.6428676247596741,0.634804904460907]]","[0.8888888888888888,0.8854166666666666,0.8854166666666666,0.8888888888888888,0.8923611111111112]","[0.8819444444444445,0.888888888888889,0.8784722222222222,0.9027777777777778]"
4,hierarchical,shuffled_residual,0.861111111111111,0.8329320549964905,0.75,0.8021674275398254,0.7877863943576813,0.2357022603955158,0.0454227775335311,20808,10,0.8396002909867093,"[0.0,2.0,3.0,5.0]",[],"[1.0,1.0,1.0,1.0]","[1.0,1.0,1.0,1.0,1.0,1.0]","[[0.8537899851799011,0.849337637424469,0.8439722061157227,0.8418548107147217,0.8389936089515686,0.8490760326385498,0.8591102957725525],[0.8141822218894958,0.8045376539230347,0.7963915467262268,0.7914397120475769,0.7876558303833008,0.8066298961639404,0.8300725817680359],[0.8106949925422668,0.8060052990913391,0.8026750087738037,0.799629807472229,0.7978678345680237,0.8113756775856018,0.8278014659881592],[0.7938295602798462,0.7899023294448853,0.7877984642982483,0.7865733504295349,0.7868879437446594,0.7981051802635193,0.8115817904472351],[0.7527777552604675,0.7515894770622253,0.7528852224349976,0.7515958547592163,0.7522956728935242,0.762033998966217,0.7741378545761108]]","[[0.791969358921051,0.7850100994110107,0.7692683935165405,0.7731207609176636,0.8811901807785034,0.8783239126205444],[0.7781540751457214,0.7689589858055115,0.7877793312072754,0.7863322496414185,0.811314582824707,0.8069672584533691],[0.7859687209129333,0.7788072228431702,0.7799969911575317,0.7808226943016052,0.8271602988243103,0.8237637281417847],[0.7874897122383118,0.780458927154541,0.7793222069740295,0.7816956639289856,0.7934237122535706,0.7905741930007935]]","[0.8506944444444445,0.8611111111111112,0.8506944444444445,0.8541666666666666,0.861111111111111]","[0.8506944444444445,0.857638888888889,0.8576388888888888,0.8611111111111112]"
0,hierarchical,random_teacher,0.9201388888888888,0.8306980729103088,0.8333333333333334,0.6885995745658875,0.5548047423362732,0.2357022603955158,1.014066517353058,20808,10,1.098091916006524,"[0.0,2.0,3.0,5.0]",[],"[1.0,1.0,1.0,1.0]","[1.0,1.0,1.0,1.0,1.0,1.0]","[[0.7966110110282898,0.8264988660812378,0.8240033984184265,0.8433291912078857,0.8314862251281738,0.8291547298431396,0.8145362734794617],[0.7296431660652161,0.7641454935073853,0.7588927149772644,0.7832545042037964,0.7695201635360718,0.765670657157898,0.7495472431182861],[0.6427201628684998,0.6719202995300293,0.6652005910873413,0.6856109499931335,0.6749311685562134,0.6699334979057312,0.6572591066360474],[0.5606039762496948,0.6005069017410278,0.5854049921035767,0.616886556148529,0.6041473150253296,0.5926287770271301,0.5807528495788574],[0.579242467880249,0.6119036078453064,0.5943752527236938,0.6185893416404724,0.6146683692932129,0.6007558107376099,0.5977358818054199]]","[[0.7975035905838013,0.7048839330673218,0.7938541173934937,0.6287010908126831,0.7074377536773682,0.6214898228645325],[0.5363645553588867,0.5812361240386963,0.5366256237030029,0.5253956913948059,0.5786402225494385,0.5193541049957275],[0.5965121984481812,0.46347367763519287,0.5877982378005981,0.5374850630760193,0.471269428730011,0.5426443815231323],[0.5432243347167969,0.4038250148296356,0.5347850322723389,0.34857529401779175,0.4095824956893921,0.3476046919822693]]","[0.9236111111111112,0.90625,0.8993055555555555,0.90625,0.9201388888888888]","[0.9166666666666666,0.8611111111111112,0.8715277777777778,0.8784722222222223]"
1,hierarchical,random_teacher,0.8472222222222222,0.7743070721626282,0.9375,0.6877392292022705,0.5878487825393677,0.2357022603955158,0.9846198558807372,20808,10,0.7800302079995163,"[0.0,2.0,3.0,5.0]",[],"[1.0,1.0,1.0,1.0]","[1.0,1.0,1.0,1.0,1.0,1.0]","[[0.7778446674346924,0.7610355615615845,0.7714412808418274,0.7508504986763,0.7644186615943909,0.7707653045654297,0.7772315144538879],[0.7025718092918396,0.6773866415023804,0.69279944896698,0.6675640344619751,0.6874037981033325,0.6978448629379272,0.7125282883644104],[0.6784135103225708,0.6716071367263794,0.6836642026901245,0.6736164093017578,0.683574914932251,0.6928005814552307,0.697579562664032],[0.647284209728241,0.6246708035469055,0.647854208946228,0.6240448355674744,0.6394457221031189,0.6583721041679382,0.6683359742164612],[0.6331031322479248,0.6069807410240173,0.6372257471084595,0.6092883944511414,0.6227294206619263,0.648037314414978,0.6549898982048035]]","[[0.6075559854507446,0.5881953835487366,0.6009008288383484,0.6950734853744507,0.5860111713409424,0.6914065480232239],[0.5533941388130188,0.6164109110832214,0.5485889911651611,0.6276297569274902,0.6141928434371948,0.6224076747894287],[0.5012503862380981,0.567132830619812,0.49897512793540955,0.6186830401420593,0.5669435262680054,0.6164155006408691],[0.5267645716667175,0.5693063735961914,0.5185195207595825,0.5831977128982544,0.5689098238945007,0.5765671133995056]]","[0.8715277777777777,0.8611111111111112,0.8645833333333334,0.8472222222222222,0.8472222222222222]","[0.861111111111111,0.7951388888888888,0.7743055555555555,0.7881944444444445]"
2,hierarchical,random_teacher,0.8715277777777778,0.770438015460968,1.0,0.5181922912597656,0.4725939333438873,0.2357022603955158,1.053091049194336,20808,10,0.8661154589790385,"[0.0,2.0,3.0,5.0]",[],"[1.0,1.0,1.0,1.0]","[1.0,1.0,1.0,1.0,1.0,1.0]","[[0.6536049246788025,0.6545223593711853,0.6748032569885254,0.6726231575012207,0.6642034649848938,0.6810436844825745,0.6689863801002502],[0.5591162443161011,0.5707517862319946,0.5829897522926331,0.5912124514579773,0.5790756940841675,0.5890239477157593,0.5747288465499878],[0.43381285667419434,0.4322081208229065,0.4588894248008728,0.4545952379703522,0.4437311291694641,0.4667161703109741,0.45169562101364136],[0.44170713424682617,0.4355437457561493,0.4607740640640259,0.45302483439445496,0.447521835565567,0.46901029348373413,0.4599894881248474],[0.43662530183792114,0.4293489456176758,0.453725665807724,0.4449206292629242,0.4400746524333954,0.46081915497779846,0.4522497057914734]]","[[0.6343249678611755,0.7200159430503845,0.6382796764373779,0.6054167151451111,0.7170376777648926,0.6051257848739624],[0.4961804449558258,0.5577611327171326,0.5013831853866577,0.4399302303791046,0.5519877672195435,0.43844226002693176],[0.3778514862060547,0.4041045308113098,0.38122695684432983,0.35601767897605896,0.40256449580192566,0.3582954704761505],[0.47647151350975037,0.5507347583770752,0.4815904498100281,0.3987327516078949,0.5413337349891663,0.3986499011516571]]","[0.892361111111111,0.8645833333333334,0.8784722222222222,0.8541666666666666,0.8715277777777778]","[0.8645833333333334,0.84375,0.8576388888888888,0.8541666666666666]"
3,hierarchical,random_teacher,0.8680555555555555,0.7103729248046875,0.9791666666666666,0.7585833311080933,0.5831987038254738,0.2357022603955158,0.8467674255371094,20808,10,0.7869819159968756,"[0.0,2.0,3.0,5.0]",[],"[1.0,1.0,1.0,1.0]","[1.0,1.0,1.0,1.0,1.0,1.0]","[[0.8283849954605103,0.846949577331543,0.8513069748878479,0.8550368547439575,0.8454355597496033,0.8488041758537292,0.8287900686264038],[0.7571952939033508,0.7942087054252625,0.7945942282676697,0.8144408464431763,0.790013313293457,0.7894303798675537,0.7554929256439209],[0.730017900466919,0.763167679309845,0.7619956731796265,0.7811381816864014,0.7611579895019531,0.7588385939598083,0.7294901609420776],[0.6891075372695923,0.7278555631637573,0.7255749106407166,0.7491820454597473,0.7247864603996277,0.7219638824462891,0.6890385746955872],[0.6673176884651184,0.6987680196762085,0.7016081213951111,0.7177183032035828,0.69483882188797,0.6963335275650024,0.6640127897262573]]","[[0.7360182404518127,0.6374027729034424,0.73065185546875,0.6001071333885193,0.637234628200531,0.5916961431503296],[0.6994150280952454,0.6506242156028748,0.6930210590362549,0.5906445980072021,0.6486188769340515,0.5811653137207031],[0.5821646451950073,0.5013313293457031,0.5793367624282837,0.3675456941127777,0.4939729571342468,0.35877013206481934],[0.6732258200645447,0.6056331992149353,0.6712010502815247,0.5448671579360962,0.6032413840293884,0.5362098217010498]]","[0.8784722222222222,0.875,0.8715277777777778,0.875,0.8680555555555555]","[0.8819444444444443,0.8333333333333334,0.7673611111111112,0.7777777777777777]"
4,hierarchical,random_teacher,0.8229166666666666,0.8344807624816895,0.9583333333333334,0.7180717945098877,0.7095876038074493,0.2357022603955158,1.024018943309784,20808,10,0.7971118749992456,"[0.0,2.0,3.0,5.0]",[],"[1.0,1.0,1.0,1.0]","[1.0,1.0,1.0,1.0,1.0,1.0]","[[0.8369808793067932,0.8312211632728577,0.8228887319564819,0.8198850750923157,0.8350862264633179,0.8282437920570374,0.8436787724494934],[0.762000322341919,0.7603393793106079,0.7456505298614502,0.7495438456535339,0.7701853513717651,0.7586694955825806,0.7822423577308655],[0.7224884033203125,0.7169774770736694,0.7047907114028931,0.7049950361251831,0.7261627316474915,0.7162665724754333,0.7407033443450928],[0.645900309085846,0.6438193917274475,0.6295984387397766,0.6339176297187805,0.654771089553833,0.6429071426391602,0.6679944396018982],[0.6241265535354614,0.6267313361167908,0.6136243939399719,0.6216484308242798,0.6381889581680298,0.627501904964447,0.647961437702179]]","[[0.7504878640174866,0.6990130543708801,0.7470921874046326,0.8229641914367676,0.7074437737464905,0.82277911901474],[0.6718700528144836,0.68039870262146,0.6654483079910278,0.8000646233558655,0.6786817312240601,0.794928252696991],[0.653003990650177,0.6002812385559082,0.6511386632919312,0.7507482767105103,0.6061288118362427,0.7508534789085388],[0.546737015247345,0.5066415071487427,0.5461928248405457,0.6720885634422302,0.5097665190696716,0.6716659665107727]]","[0.84375,0.8229166666666666,0.8159722222222222,0.8159722222222223,0.8229166666666666]","[0.829861111111111,0.8333333333333334,0.8090277777777777,0.8368055555555555]"
0,flat,hidden,0.7118055555555555,0.1848734766244888,0.75,0.7930829286575317,0.7250275611877441,,0.3302857130765915,20808,10,0.7695652909751516,[],[],"[1.0,1.0,1.0,1.0]","[1.0,1.0,1.0,1.0,1.0,1.0]","[[0.8655465245246887,0.8675279021263123,0.8705158233642578,0.872420072555542,0.8716105222702026,0.8680662512779236,0.8627976775169373],[0.8247640132904053,0.8302837610244751,0.8408389687538147,0.8534088730812073,0.8642842173576355,0.871670126914978,0.8756440877914429],[0.7765856981277466,0.7826117277145386,0.7943600416183472,0.8088117837905884,0.8220006227493286,0.8318057060241699,0.8380478620529175],[0.7383922934532166,0.7444970011711121,0.7565101981163025,0.7714831233024597,0.7854188680648804,0.7960999011993408,0.8032405376434326],[0.5984339118003845,0.6041262149810791,0.6156662106513977,0.6304731369018555,0.6447880268096924,0.6563816666603088,0.6647984981536865]]","[[0.7592126727104187,0.7585533857345581,0.7575041651725769,0.7561517357826233,0.7546951174736023,0.7532861232757568],[0.7123254537582397,0.7116482853889465,0.7105775475502014,0.7092322111129761,0.7078677415847778,0.7066712379455566],[0.6864293813705444,0.6857060790061951,0.6845536828041077,0.6830912828445435,0.6815969944000244,0.6802914142608643],[0.752143919467926,0.7517447471618652,0.7510067820549011,0.7499321103096008,0.7486339211463928,0.747228741645813]]","[0.7083333333333334,0.6840277777777778,0.6875,0.6909722222222223,0.7118055555555555]","[0.6909722222222222,0.6875,0.6909722222222222,0.6944444444444445]"
1,flat,hidden,0.6944444444444445,0.2478881478309631,0.7708333333333334,0.7773651123046875,0.7749060988426208,,0.4027893096208572,20808,10,0.749593124986859,[],[],"[1.0,1.0,1.0,1.0]","[1.0,1.0,1.0,1.0,1.0,1.0]","[[0.8478134274482727,0.8498445749282837,0.8516581058502197,0.8508179187774658,0.8462898135185242,0.8389661312103271,0.8303951621055603],[0.8041906356811523,0.8131011128425598,0.8274545073509216,0.8431856036186218,0.8563101887702942,0.8652928471565247,0.8705130219459534],[0.7200464010238647,0.7306077480316162,0.7484533190727234,0.7694209218025208,0.7887657284736633,0.8040427565574646,0.8150199055671692],[0.6852111220359802,0.6960618495941162,0.7147613167762756,0.7371711134910583,0.7583370804786682,0.7755288481712341,0.7883113026618958],[0.5730665326118469,0.5835613012313843,0.6024313569068909,0.6258967518806458,0.6489547491073608,0.6685178875923157,0.6837996244430542]]","[[0.8293004035949707,0.829610288143158,0.8300749063491821,0.8307298421859741,0.8315812349319458,0.8325960636138916],[0.7493372559547424,0.7496651411056519,0.7501581311225891,0.7508701682090759,0.751886248588562,0.7532383799552917],[0.7383296489715576,0.738638162612915,0.7390995025634766,0.7397668361663818,0.7407532930374146,0.7421295046806335],[0.7762414813041687,0.7766703963279724,0.7773267030715942,0.7782111763954163,0.7792595028877258,0.7803990244865417]]","[0.6944444444444443,0.7013888888888888,0.7118055555555557,0.7083333333333334,0.6944444444444445]","[0.7118055555555555,0.6979166666666666,0.6979166666666666,0.6909722222222222]"
2,flat,hidden,0.6875,0.1741852313280105,0.6666666666666666,0.7712223410606385,0.7097898423671722,,0.3439273834228515,20808,10,1.0608294999983627,[],[],"[1.0,1.0,1.0,1.0]","[1.0,1.0,1.0,1.0,1.0,1.0]","[[0.8276743292808533,0.8291699886322021,0.8282805681228638,0.8224567174911499,0.8121857047080994,0.7997475862503052,0.7872219085693359],[0.8086858987808228,0.8181325197219849,0.8304784297943115,0.8402767181396484,0.8448445796966553,0.8446804881095886,0.8415091633796692],[0.7298622131347656,0.7414500713348389,0.7582703232765198,0.7744807004928589,0.786234438419342,0.7929292321205139,0.7956932187080383],[0.684622049331665,0.6965605020523071,0.7142928242683411,0.7320129871368408,0.7456343173980713,0.7542446851730347,0.7587623000144958],[0.5896053314208984,0.6019148230552673,0.6209082007408142,0.6410438418388367,0.6579064726829529,0.670013427734375,0.6778439283370972]]","[[0.7422024607658386,0.7421948313713074,0.7419445514678955,0.7411484718322754,0.7395302057266235,0.7373494505882263],[0.7066783308982849,0.706838071346283,0.7068443298339844,0.706394612789154,0.7051682472229004,0.7033063769340515],[0.6861600875854492,0.6862950325012207,0.6862709522247314,0.6858016848564148,0.6845936179161072,0.6828190684318542],[0.7070721983909607,0.7073373198509216,0.7074821591377258,0.7071875929832458,0.706099808216095,0.7043108940124512]]","[0.6805555555555555,0.6388888888888888,0.6145833333333334,0.6041666666666666,0.6875]","[0.6840277777777778,0.6944444444444443,0.6909722222222222,0.7013888888888888]"
3,flat,hidden,0.6458333333333334,0.1124831214547157,0.75,0.8125323176383972,0.681757003068924,,0.1305246278643608,20808,10,0.6911602910258807,[],[],"[1.0,1.0,1.0,1.0]","[1.0,1.0,1.0,1.0,1.0,1.0]","[[0.9255043268203735,0.9272014498710632,0.9295799732208252,0.9299708008766174,0.9264782071113586,0.9197590947151184,0.911571741104126],[0.860769510269165,0.8659921884536743,0.8751007318496704,0.8838207721710205,0.8880623579025269,0.8874300718307495,0.8836524486541748],[0.7925188541412354,0.7985844016075134,0.8093792796134949,0.8205583691596985,0.8275755047798157,0.8295766115188599,0.8280720710754395],[0.7395980358123779,0.7460668087005615,0.7575817108154297,0.7698413729667664,0.7781679630279541,0.7815062403678894,0.7812371253967285],[0.6134563684463501,0.620205283164978,0.6322847604751587,0.6457360982894897,0.6558994054794312,0.6614060401916504,0.6633301973342896]]","[[0.7345391511917114,0.7333614230155945,0.7310824394226074,0.72762131690979,0.7232553958892822,0.7183483242988586],[0.6751603484153748,0.6739891171455383,0.671748161315918,0.6683672070503235,0.6641901135444641,0.6597120761871338],[0.6556384563446045,0.6544488668441772,0.6521799564361572,0.6487241387367249,0.6443983316421509,0.6397404074668884],[0.6869019865989685,0.6858417391777039,0.6837626695632935,0.6805524826049805,0.6764892935752869,0.6720165610313416]]","[0.6284722222222222,0.6631944444444445,0.6493055555555557,0.6388888888888888,0.6458333333333334]","[0.6527777777777778,0.65625,0.6527777777777777,0.6493055555555555]"
4,flat,hidden,0.6527777777777778,0.1965976804494857,0.7708333333333334,0.8269486665725708,0.8180993646383286,,0.2132214307785034,20808,10,0.7836106670147274,[],[],"[1.0,1.0,1.0,1.0]","[1.0,1.0,1.0,1.0,1.0,1.0]","[[0.9280962347984314,0.9287824034690857,0.9292290210723877,0.927801787853241,0.9237351417541504,0.9174882769584656,0.9101142287254333],[0.8301016688346863,0.837574303150177,0.850117564201355,0.8644319176673889,0.8770939707756042,0.8864601850509644,0.8924704194068909],[0.773282527923584,0.781448245048523,0.7954632639884949,0.8120582103729248,0.8275438547134399,0.8398966789245605,0.848728358745575],[0.7422230839729309,0.7510164976119995,0.7661846280097961,0.7844331860542297,0.8018724918365479,0.816228449344635,0.8269109129905701],[0.6397555470466614,0.6495027542114258,0.6665754318237305,0.6878540515899658,0.7091930508613586,0.7278057336807251,0.742598831653595]]","[[0.8326886296272278,0.8323779106140137,0.8320277333259583,0.8316712975502014,0.8312124013900757,0.830486536026001],[0.815459668636322,0.8150644302368164,0.8145492076873779,0.8139628767967224,0.8132237195968628,0.812150239944458],[0.8032045364379883,0.8027816414833069,0.8021995425224304,0.8015124201774597,0.8006448745727539,0.7994003295898438],[0.8273396492004395,0.8269734382629395,0.8264611959457397,0.8258070349693298,0.8249102234840393,0.8236472010612488]]","[0.6493055555555555,0.6458333333333334,0.642361111111111,0.6493055555555555,0.6527777777777778]","[0.6701388888888888,0.6805555555555555,0.6875,0.6666666666666666]"
0,flat,dda_fixed,0.6909722222222223,0.0552736930549144,0.8541666666666666,0.8253532409667969,0.7949980348348618,0.2357022603955158,0.3815448731184006,20808,10,0.6341486249875743,"[0.0,2.0,3.0,5.0]",[],"[1.0,1.0,1.0,1.0]","[1.0,1.0,1.0,1.0,1.0,1.0]","[[0.8305768966674805,0.8323860168457031,0.8347281813621521,0.8356466889381409,0.8337977528572083,0.829359769821167,0.823412299156189],[0.854267418384552,0.8590010404586792,0.8679252862930298,0.8781060576438904,0.8862033486366272,0.8908199071884155,0.8923071026802063],[0.812443733215332,0.8181715607643127,0.8294793367385864,0.8432750105857849,0.8555785417556763,0.8643360733985901,0.8694800734519958],[0.7929090261459351,0.7986364364624023,0.8100652694702148,0.8241494297981262,0.8368726968765259,0.8460999131202698,0.8516917824745178],[0.6737170219421387,0.6800664067268372,0.6929782032966614,0.7096303701400757,0.7257952094078064,0.7388355135917664,0.7481163144111633]]","[[0.8382809162139893,0.8377342820167542,0.8369185328483582,0.8359024524688721,0.8347383141517639,0.8334322571754456],[0.8069868087768555,0.806331992149353,0.805397093296051,0.8042141795158386,0.8028565645217896,0.8014538288116455],[0.7836182117462158,0.7832057476043701,0.7825974822044373,0.7817943096160889,0.7807952165603638,0.7796152234077454],[0.7609699964523315,0.7603630423545837,0.7594016790390015,0.7580574750900269,0.7563900351524353,0.7545198202133179]]","[0.7083333333333334,0.7083333333333334,0.6979166666666666,0.6840277777777777,0.6909722222222223]","[0.7083333333333334,0.7083333333333334,0.6979166666666666,0.7013888888888888]"
1,flat,dda_fixed,0.7083333333333334,0.2393659949302673,0.875,0.7401453256607056,0.7400741279125214,0.2357022603955158,0.4122545272111892,20808,10,0.7259374159912113,"[0.0,2.0,3.0,5.0]",[],"[1.0,1.0,1.0,1.0]","[1.0,1.0,1.0,1.0,1.0,1.0]","[[0.788998007774353,0.7906715869903564,0.7919657826423645,0.7907282710075378,0.7861154079437256,0.7790055274963379,0.7708290219306946],[0.7930976152420044,0.8008435368537903,0.8129375576972961,0.8256882429122925,0.8357152938842773,0.841924250125885,0.8448668718338013],[0.6989526748657227,0.7088345885276794,0.7248865962028503,0.7432888746261597,0.7599105834960938,0.77275550365448,0.7817490696907043],[0.6431459188461304,0.6538628935813904,0.6716328263282776,0.6925861239433289,0.7122276425361633,0.7281307578086853,0.7399327754974365],[0.5462651252746582,0.5561975240707397,0.573204755783081,0.5937966108322144,0.6136704087257385,0.6303418874740601,0.6432745456695557]]","[[0.8029004335403442,0.8030380010604858,0.8032440543174744,0.8036393523216248,0.8043195009231567,0.8052524924278259],[0.7528167366981506,0.7531031370162964,0.7535202503204346,0.7541154026985168,0.7549254894256592,0.7559027075767517],[0.714580774307251,0.7149689197540283,0.7155248522758484,0.7162638902664185,0.7171910405158997,0.7182310223579407],[0.6836241483688354,0.6840018033981323,0.6845476031303406,0.6853141784667969,0.686356782913208,0.6876119375228882]]","[0.6875,0.6944444444444443,0.6909722222222223,0.7083333333333334,0.7083333333333334]","[0.7083333333333334,0.701388888888889,0.6840277777777777,0.6979166666666666]"
2,flat,dda_fixed,0.65625,0.0887189134955406,0.9166666666666666,0.7672215223312377,0.6985624134540558,0.2357022603955158,0.3130472153425216,20808,10,1.1014639579807408,"[0.0,2.0,3.0,5.0]",[],"[1.0,1.0,1.0,1.0]","[1.0,1.0,1.0,1.0,1.0,1.0]","[[0.7842631340026855,0.7854278087615967,0.7841664552688599,0.7781742811203003,0.7680377960205078,0.7560046911239624,0.7440599799156189],[0.8000351190567017,0.8072468042373657,0.8156236410140991,0.8205161094665527,0.820257306098938,0.8159644603729248,0.809532880783081],[0.7663300633430481,0.7765095233917236,0.7903941869735718,0.8024908304214478,0.8097453713417053,0.8122256398200989,0.8113911747932434],[0.7189016938209534,0.7295778393745422,0.7445660829544067,0.758356511592865,0.7676278948783875,0.7721362709999084,0.7731369733810425],[0.584563136100769,0.5964445471763611,0.6144332885742188,0.6331461668014526,0.6485016345977783,0.6592901945114136,0.6661021113395691]]","[[0.7313245534896851,0.7311954498291016,0.7307754755020142,0.7298192977905273,0.7281971573829651,0.7263931035995483],[0.7380480766296387,0.7381172180175781,0.7379449605941772,0.7372176051139832,0.735712468624115,0.7338195443153381],[0.6712708473205566,0.671570360660553,0.6717293858528137,0.6714165806770325,0.6703535914421082,0.6688565611839294],[0.6551603078842163,0.6556174755096436,0.6559641361236572,0.6558211445808411,0.6549078822135925,0.6535635590553284]]","[0.6805555555555555,0.65625,0.6319444444444443,0.625,0.65625]","[0.6909722222222223,0.6840277777777778,0.6875,0.6805555555555557]"
3,flat,dda_fixed,0.6631944444444443,0.0648156031966209,0.9166666666666666,0.8427149176597595,0.7182924896478653,0.2357022603955158,0.1468962505459785,20808,10,0.7808583749865647,"[0.0,2.0,3.0,5.0]",[],"[1.0,1.0,1.0,1.0]","[1.0,1.0,1.0,1.0,1.0,1.0]","[[0.9132753014564514,0.9152941703796387,0.9182226061820984,0.9193620681762695,0.9167402982711792,0.9109153151512146,0.903559148311615],[0.8992014527320862,0.9039991497993469,0.9127033352851868,0.9213621020317078,0.9259418845176697,0.9258357882499695,0.9225565195083618],[0.846177875995636,0.8519787192344666,0.8627609610557556,0.8743231296539307,0.8819751143455505,0.8846093416213989,0.8835777640342712],[0.7904462218284607,0.7966362833976746,0.8081392645835876,0.8207467198371887,0.8296223878860474,0.8334887623786926,0.8336005210876465],[0.6299434900283813,0.6367329359054565,0.6491954326629639,0.663391649723053,0.6744885444641113,0.6809215545654297,0.6836504340171814]]","[[0.7865021228790283,0.7854889035224915,0.7834632396697998,0.7802667617797852,0.7759829759597778,0.7707802653312683],[0.7235841751098633,0.7224311828613281,0.7202225923538208,0.7169239521026611,0.7128469944000244,0.7083359360694885],[0.711767315864563,0.7106547355651855,0.7084943652153015,0.7051658630371094,0.7008959650993347,0.6960636377334595],[0.67670738697052,0.6756042838096619,0.6734647750854492,0.6701626777648926,0.6659516096115112,0.6612793803215027]]","[0.6284722222222222,0.6388888888888888,0.6527777777777778,0.6597222222222223,0.6631944444444443]","[0.6458333333333334,0.6597222222222222,0.6597222222222222,0.6527777777777778]"
4,flat,dda_fixed,0.6458333333333334,0.2210279554128646,0.7916666666666666,0.7708788514137268,0.7073862552642822,0.2357022603955158,0.2149698063731193,20808,10,0.7021356249751989,"[0.0,2.0,3.0,5.0]",[],"[1.0,1.0,1.0,1.0]","[1.0,1.0,1.0,1.0,1.0,1.0]","[[0.8979679942131042,0.8984363675117493,0.8987219929695129,0.8973324298858643,0.893549919128418,0.8877657055854797,0.8809237480163574],[0.8361648321151733,0.8432274460792542,0.8545969128608704,0.8669955730438232,0.8772972226142883,0.884225070476532,0.8880169987678528],[0.7196231484413147,0.7273733019828796,0.7401798963546753,0.75471431016922,0.767565906047821,0.7771403193473816,0.7834362387657166],[0.6608448624610901,0.6686156392097473,0.6815292835235596,0.6963201761245728,0.7095720171928406,0.719642698764801,0.7264798879623413],[0.5733821988105774,0.5803490877151489,0.5923981666564941,0.6066299676895142,0.6197735071182251,0.6301373243331909,0.6375430226325989]]","[[0.8194148540496826,0.8191681504249573,0.8190429210662842,0.8191010355949402,0.8192562460899353,0.8193885087966919],[0.6786847710609436,0.6784911751747131,0.6785354018211365,0.6788639426231384,0.6793159246444702,0.6797520518302917],[0.6855143904685974,0.6852994561195374,0.6853210926055908,0.6856459379196167,0.6860885620117188,0.686440646648407],[0.6457731127738953,0.6454876065254211,0.6453854441642761,0.6455329656600952,0.6457791328430176,0.6459488272666931]]","[0.6527777777777778,0.6458333333333334,0.6493055555555555,0.6631944444444445,0.6458333333333334]","[0.6493055555555557,0.6666666666666666,0.6666666666666666,0.6597222222222222]"
0,flat,dda_monotonic,0.6875,0.0692967399954795,0.8541666666666666,0.8265681624412536,0.7962725311517715,0.7446659872926131,0.382736474275589,20812,10,1.1012197500094771,"[1.205636739730835,2.4440040588378906,3.73370361328125,5.0]","[[0.06555607914924622,0.675591766834259,0.2553122639656067,0.003538138000294566,1.7980161146624596e-06,3.3506426799778666e-11],[3.757078593480401e-05,0.02321806363761425,0.5261597633361816,0.43724527955055237,0.013324427418410778,1.4889740668877494e-05],[7.14053399741843e-11,3.135505039608688e-06,0.005048944614827633,0.2981324791908264,0.6455559134483337,0.051259491592645645],[9.492179804430026e-19,2.741223697685924e-12,2.9029448000983393e-07,0.0011273256968706846,0.16053718328475952,0.8383352756500244]]","[1.0,1.0,1.0,1.0]","[1.0,1.0,1.0,1.0,1.0,1.0]","[[0.8301876783370972,0.8319947719573975,0.8343337774276733,0.8352487087249756,0.8333967328071594,0.8289567828178406,0.8230084776878357],[0.8554337620735168,0.860197126865387,0.8691656589508057,0.8793952465057373,0.887535572052002,0.8921850323677063,0.8936945199966431],[0.8138548135757446,0.8196424245834351,0.8310394883155823,0.8449402451515198,0.8573480844497681,0.8661973476409912,0.871414840221405],[0.7941229939460754,0.7999301552772522,0.8114868998527527,0.8257327079772949,0.838627278804779,0.8480138778686523,0.8537406921386719],[0.6744804978370667,0.6809213757514954,0.6939811706542969,0.7108268737792969,0.7272074222564697,0.7404571175575256,0.7499199509620667]]","[[0.8391028046607971,0.838567316532135,0.8377645611763,0.8367657661437988,0.8356231451034546,0.8343357443809509],[0.8089948296546936,0.8083284497261047,0.8073672652244568,0.806144654750824,0.8047417402267456,0.8032964468002319],[0.7858068943023682,0.7853851318359375,0.7847501635551453,0.7839058637619019,0.782861590385437,0.781638503074646],[0.7611941695213318,0.7605898976325989,0.7596244215965271,0.7582694292068481,0.7565909624099731,0.7547141909599304]]","[0.7083333333333334,0.7048611111111112,0.7048611111111112,0.6909722222222223,0.6875]","[0.7013888888888888,0.7013888888888888,0.6979166666666666,0.7013888888888888]"
1,flat,dda_monotonic,0.7048611111111112,0.2411277294158935,0.875,0.7382652163505554,0.7370492517948151,0.7284277979130435,0.4102593660354614,20812,10,1.12067833301262,"[1.1951266527175903,2.4132063388824463,3.703169822692871,5.0]","[[0.06832735985517502,0.6801064610481262,0.2482418417930603,0.003322683973237872,1.6308680415022536e-06,2.9353759006811586e-11],[4.8089103074744344e-05,0.026841461658477783,0.5493918657302856,0.4123575687408447,0.011349622160196304,1.1455272215243895e-05],[1.040251149109217e-10,4.1293251342722215e-06,0.006010835058987141,0.32085341215133667,0.6280502080917358,0.045081447809934616],[9.492179804430026e-19,2.741223697685924e-12,2.9029448000983393e-07,0.0011273256968706846,0.16053718328475952,0.8383352756500244]]","[1.0,1.0,1.0,1.0]","[1.0,1.0,1.0,1.0,1.0,1.0]","[[0.7888925075531006,0.7905558347702026,0.791827917098999,0.7905608415603638,0.7859179377555847,0.7787823677062988,0.7705857753753662],[0.7909722924232483,0.7986788153648376,0.8106911778450012,0.8233367204666138,0.8332624435424805,0.8393901586532593,0.8422746658325195],[0.697114109992981,0.706896960735321,0.7227759957313538,0.740962028503418,0.7573704123497009,0.770036518573761,0.7788939476013184],[0.64070725440979,0.6513301134109497,0.6689363718032837,0.6896862983703613,0.7091295719146729,0.724870502948761,0.7365535497665405],[0.5451902747154236,0.5550568699836731,0.5719674825668335,0.5924459099769592,0.6122097373008728,0.628788948059082,0.6416507959365845]]","[[0.798782229423523,0.7989212870597839,0.7991294860839844,0.7995303273200989,0.8002206087112427,0.8011649250984192],[0.7492242455482483,0.7495138645172119,0.7499361634254456,0.7505422830581665,0.7513716816902161,0.7523726224899292],[0.7114703059196472,0.7118636965751648,0.7124282717704773,0.7131808400154114,0.7141250371932983,0.7151798009872437],[0.6822873950004578,0.6826650500297546,0.6832107305526733,0.6839800477027893,0.6850301623344421,0.6862977743148804]]","[0.6875,0.6944444444444443,0.6909722222222223,0.6979166666666666,0.7048611111111112]","[0.704861111111111,0.7048611111111112,0.6840277777777777,0.6979166666666666]"
2,flat,dda_monotonic,0.6388888888888888,0.0392506122589111,0.8958333333333334,0.7448239088058471,0.6487537920475006,0.7616892829873075,0.2912818789482116,20812,10,0.8134218339982908,"[1.2415927648544312,2.458148956298828,3.724083185195923,5.0]","[[0.05674360319972038,0.6585820317268372,0.2802971303462982,0.004374651703983545,2.5037138584593777e-06,5.25460439049219e-11],[3.350689075887203e-05,0.021697916090488434,0.5152490735054016,0.4486754536628723,0.014327263459563255,1.677684485912323e-05],[8.041982357820388e-11,3.4207923818030395e-06,0.005335905123502016,0.30521440505981445,0.640203058719635,0.049243200570344925],[9.492179804430026e-19,2.741223697685924e-12,2.9029448000983393e-07,0.0011273256968706846,0.16053718328475952,0.8383352756500244]]","[1.0,1.0,1.0,1.0]","[1.0,1.0,1.0,1.0,1.0,1.0]","[[0.7852900624275208,0.7863935232162476,0.7849830985069275,0.7787642478942871,0.7683678269386292,0.7560855746269226,0.7439255118370056],[0.7831087112426758,0.7900437116622925,0.7978430390357971,0.8019595146179199,0.8008993864059448,0.7959094047546387,0.78892982006073],[0.7437981367111206,0.7532920241355896,0.7657540440559387,0.77593594789505,0.7812057137489319,0.7819446921348572,0.7797219753265381],[0.6948104500770569,0.7044609189033508,0.7173858880996704,0.7284438014030457,0.7349148392677307,0.7369805574417114,0.7360339164733887],[0.5638654232025146,0.5743780732154846,0.589883029460907,0.6054279208183289,0.6175848245620728,0.6255812048912048,0.6301356554031372]]","[[0.6974433660507202,0.6973017454147339,0.6968733072280884,0.695935070514679,0.6943672895431519,0.692646324634552],[0.6789065003395081,0.6788749098777771,0.6786013245582581,0.6778166890144348,0.6763145923614502,0.6744734048843384],[0.6155943274497986,0.6155713200569153,0.6153556108474731,0.6147139072418213,0.6134366989135742,0.6118550896644592],[0.6074573993682861,0.6075587272644043,0.6075027585029602,0.6070079803466797,0.6058224439620972,0.6042565703392029]]","[0.6840277777777777,0.65625,0.6284722222222222,0.6180555555555556,0.6388888888888888]","[0.6979166666666666,0.6909722222222222,0.6909722222222222,0.6840277777777778]"
3,flat,dda_monotonic,0.6666666666666666,0.0801360607147216,0.9375,0.8351950407028198,0.6839497536420822,0.7096157779991178,0.1481031104922294,20812,10,0.6877527500037104,"[1.1840015649795532,2.3646435737609863,3.687150716781616,5.0]","[[0.07136086374521255,0.6846524477005005,0.24087747931480408,0.003107692115008831,1.4702667385790846e-06,2.5507552667280997e-11],[7.04968988429755e-05,0.03351264074444771,0.5842030644416809,0.37345197796821594,0.008754299953579903,7.525314686063211e-06],[1.2656833914270749e-10,4.765051471622428e-06,0.006578471045941114,0.33304160833358765,0.6182838082313538,0.04209136590361595],[9.492179804430026e-19,2.741223697685924e-12,2.9029448000983393e-07,0.0011273256968706846,0.16053718328475952,0.8383352756500244]]","[1.0,1.0,1.0,1.0]","[1.0,1.0,1.0,1.0,1.0,1.0]","[[0.9080289006233215,0.9100265502929688,0.9129306674003601,0.9140660762786865,0.9114772081375122,0.9057206511497498,0.8984553813934326],[0.9007463455200195,0.905206561088562,0.9130625128746033,0.9203835129737854,0.923439621925354,0.9219374060630798,0.9175359606742859],[0.8482540845870972,0.8536853790283203,0.8635461330413818,0.8736217021942139,0.879538357257843,0.8805514574050903,0.8781968951225281],[0.79229336977005,0.7980105876922607,0.8083075284957886,0.8189345002174377,0.825467050075531,0.8271194100379944,0.8254055380821228],[0.6164180040359497,0.6223002076148987,0.6327753663063049,0.6439982652664185,0.6518239378929138,0.6553472280502319,0.6557950377464294]]","[[0.7721737027168274,0.7710601687431335,0.7688971757888794,0.7656751275062561,0.7616438865661621,0.7569750547409058],[0.7069446444511414,0.705748975276947,0.7034884095191956,0.7002720832824707,0.696557343006134,0.692661464214325],[0.6743438243865967,0.6730884909629822,0.6707322597503662,0.6673434972763062,0.6633718609809875,0.6592282056808472],[0.607279896736145,0.605965256690979,0.6035600900650024,0.6002126336097717,0.5964682698249817,0.5927934050559998]]","[0.6319444444444445,0.6527777777777778,0.6527777777777778,0.6666666666666666,0.6666666666666666]","[0.6458333333333334,0.65625,0.6458333333333334,0.6493055555555555]"
4,flat,dda_monotonic,0.6423611111111112,0.2102327793836593,0.7708333333333334,0.7529989004135131,0.6394639164209366,0.7960764618901469,0.2233375236392021,20812,10,1.1003149159951136,"[1.291445255279541,2.502082347869873,3.744673490524292,5.0]","[[0.04612461477518082,0.6312454342842102,0.31679585576057434,0.005830106791108847,3.93449590774253e-06,9.736859929443398e-11],[2.3376464014290832e-05,0.017503973096609116,0.48062965273857117,0.48394960165023804,0.017869217321276665,2.419504198769573e-05],[6.232973859265911e-11,2.8380513867887203e-06,0.004738739691674709,0.2901487350463867,0.6514701843261719,0.05363944172859192],[9.492179804430026e-19,2.741223697685924e-12,2.9029448000983393e-07,0.0011273256968706846,0.16053718328475952,0.8383352756500244]]","[1.0,1.0,1.0,1.0]","[1.0,1.0,1.0,1.0,1.0,1.0]","[[0.8969518542289734,0.8974088430404663,0.897683322429657,0.8962913155555725,0.8925169110298157,0.8867485523223877,0.8799258470535278],[0.8416094779968262,0.8485714793205261,0.8597768545150757,0.8719373941421509,0.8819404244422913,0.8885431885719299,0.8920198082923889],[0.7087864279747009,0.7160971164703369,0.7281593084335327,0.7416617274284363,0.7533047199249268,0.7616446614265442,0.7668089866638184],[0.6387983560562134,0.6460245847702026,0.6580914855003357,0.6717479228973389,0.6836737394332886,0.6923800706863403,0.6979596614837646],[0.5376532077789307,0.5429943203926086,0.5524917244911194,0.5633668303489685,0.5726744532585144,0.579134464263916,0.582930326461792]]","[[0.7988656163215637,0.7986830472946167,0.7986845970153809,0.7989197969436646,0.7993069291114807,0.799759030342102],[0.5891892910003662,0.5890909433364868,0.5892451405525208,0.589625895023346,0.5900943875312805,0.5906656980514526],[0.6136687994003296,0.6135187745094299,0.6136171221733093,0.6139720678329468,0.6144316792488098,0.6149559020996094],[0.5548926591873169,0.5547301173210144,0.5547782778739929,0.555039644241333,0.555382490158081,0.5557728409767151]]","[0.6527777777777778,0.6493055555555555,0.6631944444444445,0.6527777777777778,0.6423611111111112]","[0.6527777777777778,0.6666666666666666,0.6736111111111112,0.6527777777777778]"
0,nonmonotonic,dda_learned,0.8819444444444443,0.7903839945793152,0.6875,0.8003278255462647,0.7966146916151047,0.318042903840851,0.1469322443008422,20832,10,0.932348959002411,"[0.2281501740217209,2.046363592147827,2.945913553237915,4.758569240570068]","[[0.9234931468963623,0.015912916511297226,0.014536567963659763,0.015608882531523705,0.015904905274510384,0.014543570578098297],[0.01469491422176361,0.015728414058685303,0.9240602850914001,0.014668283984065056,0.015731031075119972,0.01511709950864315],[0.01745092310011387,0.016073105856776237,0.01435193419456482,0.9217033982276917,0.01607687771320343,0.014343759045004845],[0.014957689680159092,0.016776693984866142,0.01762096956372261,0.014950829558074474,0.01677096076309681,0.9189229011535645]]","[1.0,1.0,1.0,1.0]","[1.0,1.0,1.0,1.0,1.0,1.0]","[[0.852577269077301,0.8395587801933289,0.8552201986312866,0.8622448444366455,0.8491179943084717,0.8623936772346497,0.8681049346923828],[0.787466824054718,0.7905572652816772,0.7954953908920288,0.8019351959228516,0.8044953346252441,0.807713508605957,0.8133571743965149],[0.784336507320404,0.7820298671722412,0.7894881963729858,0.8005856871604919,0.797940194606781,0.8041264414787292,0.8141066431999207],[0.7578004002571106,0.7740658521652222,0.7789273262023926,0.7762244343757629,0.7918348908424377,0.7943831086158752,0.7922651171684265],[0.7212576866149902,0.7309898734092712,0.7425581812858582,0.7421131134033203,0.7516541481018066,0.7606498599052429,0.7611458897590637]]","[[0.8087037801742554,0.7260329127311707,0.8070986270904541,0.8015764951705933,0.73443204164505,0.8024432063102722],[0.7799808382987976,0.6870315670967102,0.806779146194458,0.7707029581069946,0.7008323669433594,0.8031004071235657],[0.7978339195251465,0.678988516330719,0.7320460677146912,0.7927427887916565,0.6847678422927856,0.7278667688369751],[0.7579324245452881,0.6478685736656189,0.7832094430923462,0.7482910752296448,0.6610332131385803,0.7782330513000488]]","[0.8993055555555557,0.9027777777777778,0.888888888888889,0.8923611111111112,0.8819444444444443]","[0.8888888888888888,0.8888888888888888,0.875,0.8888888888888888]"
1,nonmonotonic,dda_learned,0.8680555555555557,0.7614443302154541,0.875,0.7385290384292602,0.7422372102737427,0.3192858361188688,0.1424516662955284,20832,10,0.8020017500093672,"[0.2357659637928009,2.0504109859466553,2.946763277053833,4.764432430267334]","[[0.9208542108535767,0.01656593196094036,0.014988490380346775,0.016136428341269493,0.016460521146655083,0.014994337223470211],[0.01531861163675785,0.015368033200502396,0.9218573570251465,0.01530985627323389,0.01533221174031496,0.01681392267346382],[0.017559370025992393,0.016493236646056175,0.015869544818997383,0.9176761507987976,0.01650572195649147,0.01589595340192318],[0.014915822073817253,0.016088193282485008,0.01692447066307068,0.014914698898792267,0.016032250598073006,0.9211245775222778]]","[1.0,1.0,1.0,1.0]","[1.0,1.0,1.0,1.0,1.0,1.0]","[[0.8077729940414429,0.8162915706634521,0.8010511994361877,0.8048543334007263,0.8115954995155334,0.7973601222038269,0.7991332411766052],[0.7500867247581482,0.7677404880523682,0.7377671003341675,0.7600315809249878,0.7758429050445557,0.7493160367012024,0.7683181762695312],[0.7156329154968262,0.7175397276878357,0.7077158689498901,0.7268975377082825,0.7290077805519104,0.7195781469345093,0.736943781375885],[0.708122193813324,0.7164136171340942,0.7059657573699951,0.7185887694358826,0.7266867160797119,0.7171094417572021,0.7277867197990417],[0.6669484972953796,0.6691750288009644,0.6653965711593628,0.680587887763977,0.6835103034973145,0.6796814799308777,0.6935208439826965]]","[[0.7617068886756897,0.6377475261688232,0.7097969651222229,0.7567794322967529,0.6314322352409363,0.7089515328407288],[0.6849117875099182,0.5519644021987915,0.7569139003753662,0.6803329586982727,0.5474608540534973,0.7539037466049194],[0.7315176725387573,0.6996695399284363,0.6456481218338013,0.7254153490066528,0.6924753189086914,0.6446064114570618],[0.655165433883667,0.4830920994281769,0.7275110483169556,0.6523203253746033,0.48093748092651367,0.724912703037262]]","[0.8819444444444445,0.8784722222222222,0.861111111111111,0.8715277777777778,0.8680555555555557]","[0.8854166666666666,0.8715277777777777,0.8819444444444445,0.857638888888889]"
2,nonmonotonic,dda_learned,0.8993055555555555,0.7442644238471985,0.7708333333333334,0.7466223478317261,0.7644226253032684,0.320070682108475,0.1676692888140678,20832,10,0.6012813330162317,"[0.23771503567695618,2.0509188175201416,2.948432683944702,4.7602620124816895]","[[0.9201975464820862,0.016644923016428947,0.014936607331037521,0.01662559248507023,0.016656968742609024,0.014938444830477238],[0.015777869150042534,0.017308896407485008,0.9173594117164612,0.015804827213287354,0.017268501222133636,0.016480499878525734],[0.01692107692360878,0.018265586346387863,0.0174515713006258,0.9116348028182983,0.018275467678904533,0.0174515750259161],[0.015691522508859634,0.015723256394267082,0.017092527821660042,0.01568463258445263,0.01573980413377285,0.9200682044029236]]","[1.0,1.0,1.0,1.0]","[1.0,1.0,1.0,1.0,1.0,1.0]","[[0.7124301791191101,0.6894564628601074,0.6943463683128357,0.72016441822052,0.6989129781723022,0.7040170431137085,0.7263508439064026],[0.7750183343887329,0.7680238485336304,0.7815881371498108,0.7835894823074341,0.7768235206604004,0.7890594601631165,0.791419506072998],[0.7480383515357971,0.7352312803268433,0.7461121678352356,0.7597392201423645,0.7476416826248169,0.7582778334617615,0.7710083723068237],[0.745058536529541,0.7361747026443481,0.7469160556793213,0.7585757374763489,0.7502469420433044,0.7606980204582214,0.7717593908309937],[0.699844479560852,0.6856384873390198,0.6954728960990906,0.7145095467567444,0.7014063000679016,0.7114859223365784,0.7291072607040405]]","[[0.7961323261260986,0.8329403400421143,0.7761881351470947,0.7914818525314331,0.8313911557197571,0.7830764651298523],[0.6818629503250122,0.7737100720405579,0.778840959072113,0.6753795742988586,0.7756586670875549,0.7794727683067322],[0.6915885806083679,0.764607846736908,0.7354357242584229,0.6867233514785767,0.7646320462226868,0.7393415570259094],[0.6741238236427307,0.7618439197540283,0.7953384518623352,0.6683188080787659,0.763627290725708,0.7959938645362854]]","[0.8888888888888888,0.9097222222222222,0.8993055555555555,0.8923611111111112,0.8993055555555555]","[0.9027777777777778,0.9027777777777778,0.8819444444444443,0.8958333333333334]"
3,nonmonotonic,dda_learned,0.875,0.7363193035125732,0.7291666666666666,0.821689784526825,0.8092619925737381,0.3171458053241884,0.0542759224772453,20832,10,0.8100136249850038,"[0.2285783886909485,2.0460498332977295,2.942326307296753,4.769219398498535]","[[0.9235630631446838,0.015411555767059326,0.014672419056296349,0.01626519113779068,0.015412348322570324,0.014675406739115715],[0.014566260389983654,0.01583012193441391,0.9243038892745972,0.014547185972332954,0.01579228974878788,0.014960241504013538],[0.01839546486735344,0.017994320020079613,0.015488001517951488,0.914626955986023,0.018000584095716476,0.01549459807574749],[0.014562486670911312,0.015392386354506016,0.017289167270064354,0.014563868753612041,0.015403377823531628,0.9227887392044067]]","[1.0,1.0,1.0,1.0]","[1.0,1.0,1.0,1.0,1.0,1.0]","[[0.8656212687492371,0.8543756008148193,0.863006055355072,0.8713761568069458,0.8594470620155334,0.8668083548545837,0.8742198348045349],[0.8000827431678772,0.8201245665550232,0.8053896427154541,0.8125720024108887,0.829235851764679,0.8164726495742798,0.8235637545585632],[0.8078005909919739,0.8188969492912292,0.8130558133125305,0.8207908868789673,0.8299416899681091,0.8248773813247681,0.8322573900222778],[0.7998216152191162,0.8126487731933594,0.8064332604408264,0.8140251636505127,0.82477205991745,0.819663405418396,0.8269113302230835],[0.7611634135246277,0.76506507396698,0.7690107226371765,0.776955246925354,0.7802716493606567,0.7843725085258484,0.7918750643730164]]","[[0.8009289503097534,0.6448648571968079,0.8362943530082703,0.7957411408424377,0.6372770667076111,0.841458797454834],[0.7491568922996521,0.7313694953918457,0.8489246964454651,0.7421156764030457,0.7254258990287781,0.8502691388130188],[0.7587279677391052,0.6524389386177063,0.7672659158706665,0.753139078617096,0.6439681053161621,0.7723991274833679],[0.7523699402809143,0.6810762286186218,0.8301684260368347,0.7455499172210693,0.6745970845222473,0.8340552449226379]]","[0.8715277777777778,0.8680555555555557,0.8645833333333334,0.8680555555555555,0.875]","[0.8854166666666666,0.8784722222222223,0.8715277777777778,0.8854166666666666]"
4,nonmonotonic,dda_learned,0.8784722222222223,0.8248153328895569,0.75,0.8397046089172363,0.8503762781620026,0.3171789768695044,0.0734680518507957,20832,10,0.93330158299068,"[0.2322033941745758,2.047849178314209,2.9469497203826904,4.767838001251221]","[[0.9219174385070801,0.01661757193505764,0.014565255492925644,0.015708716586232185,0.016625480726361275,0.014565452001988888],[0.014535170048475266,0.015109623782336712,0.9249489307403564,0.014541610144078732,0.015106858685612679,0.015757882967591286],[0.017259230837225914,0.015960708260536194,0.014721752144396305,0.9214043617248535,0.015937551856040955,0.014716424979269505],[0.014828399755060673,0.015167970210313797,0.017512429505586624,0.014820681884884834,0.015169952064752579,0.9225006103515625]]","[1.0,1.0,1.0,1.0]","[1.0,1.0,1.0,1.0,1.0,1.0]","[[0.840430498123169,0.8480112552642822,0.8487374782562256,0.8446130752563477,0.8505610227584839,0.8504068851470947,0.8468995094299316],[0.8428119421005249,0.864527702331543,0.8594709038734436,0.8526905179023743,0.8721851110458374,0.8672457337379456,0.8621899485588074],[0.8382900953292847,0.8569365739822388,0.8542895913124084,0.849405825138092,0.8665058612823486,0.8640891313552856,0.86055988073349],[0.8178157806396484,0.8299540281295776,0.8277090787887573,0.828589916229248,0.840370774269104,0.8385655879974365,0.8394505977630615],[0.7794126272201538,0.7926912903785706,0.7936412692070007,0.793521523475647,0.8066152930259705,0.8082833886146545,0.808845043182373]]","[[0.8821495771408081,0.8415958881378174,0.8242073059082031,0.8792948126792908,0.8370501399040222,0.8308357000350952],[0.8640969395637512,0.8325075507164001,0.8378433585166931,0.858462393283844,0.8270989060401917,0.8392260670661926],[0.841964066028595,0.816340446472168,0.7957921028137207,0.8393441438674927,0.811022937297821,0.800998330116272],[0.8477231860160828,0.8548076748847961,0.8371205925941467,0.8443020582199097,0.8507498502731323,0.8421680331230164]]","[0.8854166666666666,0.8958333333333334,0.8784722222222222,0.8784722222222223,0.8784722222222223]","[0.8819444444444445,0.8715277777777778,0.8888888888888888,0.8888888888888888]"
0,nonmonotonic,dda_monotonic,0.8854166666666666,0.8090478777885437,0.6875,0.7963094472885132,0.7486767470836639,0.7573834413034772,0.1414967253804206,20812,10,0.8978674589889124,"[1.2038494348526,2.4884755611419678,3.7455170154571533,5.0]","[[0.06602095812559128,0.6763744354248047,0.2541022300720215,0.0035006245598196983,1.7684751583146863e-06,3.2761734297670486e-11],[2.6152834834647365e-05,0.01872153766453266,0.4914509654045105,0.4730801582336426,0.01669956184923649,2.1616777303279378e-05],[6.168035526776805e-11,2.8163387923996197e-06,0.004715610295534134,0.2895389795303345,0.6519164443016052,0.053826071321964264],[9.492179804430026e-19,2.741223697685924e-12,2.9029448000983393e-07,0.0011273256968706846,0.16053718328475952,0.8383352756500244]]","[1.0,1.0,1.0,1.0]","[1.0,1.0,1.0,1.0,1.0,1.0]","[[0.8317505121231079,0.8097397089004517,0.834028422832489,0.8421264886856079,0.8206735253334045,0.8418827056884766,0.8489300012588501],[0.7934269905090332,0.7818180918693542,0.8054996132850647,0.8101487755775452,0.7994111776351929,0.8197490572929382,0.8243851661682129],[0.7812106609344482,0.7750722765922546,0.7847998142242432,0.7956745028495789,0.7900256514549255,0.797652542591095,0.8071700930595398],[0.7606035470962524,0.7654687166213989,0.783545970916748,0.7799868583679199,0.7849894165992737,0.7995763421058655,0.79712975025177],[0.7221448421478271,0.722328782081604,0.7417566776275635,0.743713915348053,0.7441909313201904,0.7607541680335999,0.7636331915855408]]","[[0.6907917261123657,0.8407102823257446,0.7684285044670105,0.6847823262214661,0.841346025466919,0.7696516513824463],[0.8223392963409424,0.727860689163208,0.7931580543518066,0.817195475101471,0.7354866862297058,0.7888250946998596],[0.7137249708175659,0.8395630121231079,0.7399200797080994,0.7080713510513306,0.8384737968444824,0.7407271265983582],[0.7584636211395264,0.6950563788414001,0.8076762557029724,0.7493109107017517,0.7056333422660828,0.8026858568191528]]","[0.90625,0.9027777777777778,0.892361111111111,0.8819444444444445,0.8854166666666666]","[0.875,0.90625,0.8680555555555555,0.875]"
1,nonmonotonic,dda_monotonic,0.8645833333333334,0.6852406859397888,0.9166666666666666,0.7528098344802856,0.7025152295827866,0.766374089119722,0.1786186471581459,20812,10,0.5950699999812059,"[1.226432204246521,2.4955804347991943,3.7309298515319824,5.0]","[[0.060335852205753326,0.6660436391830444,0.269616037607193,0.004002253524959087,2.1786138404422672e-06,4.348803955833702e-11],[2.4666316676302813e-05,0.01807703636586666,0.485809862613678,0.47876372933387756,0.017301829531788826,2.292864883202128e-05],[7.389756861986285e-11,3.215329343220219e-06,0.0051302239298820496,0.3001667857170105,0.6440283060073853,0.050671424716711044],[9.492179804430026e-19,2.741223697685924e-12,2.9029448000983393e-07,0.0011273256968706846,0.16053718328475952,0.8383352756500244]]","[1.0,1.0,1.0,1.0]","[1.0,1.0,1.0,1.0,1.0,1.0]","[[0.808164656162262,0.8150799870491028,0.8038880228996277,0.8047536015510559,0.8101423978805542,0.7993649244308472,0.7985126376152039],[0.7806251049041748,0.7673748731613159,0.7923248410224915,0.7911682724952698,0.7798262238502502,0.8015408515930176,0.7999218106269836],[0.7283272743225098,0.7306205034255981,0.7258396148681641,0.7405001521110535,0.7430024147033691,0.7386168837547302,0.751347541809082],[0.716701328754425,0.7147650718688965,0.7250292897224426,0.7291402220726013,0.728244960308075,0.7372637391090393,0.7401425838470459],[0.6671532392501831,0.6616191267967224,0.669191837310791,0.6813746690750122,0.6772660613059998,0.6837462186813354,0.6948145627975464]]","[[0.7354004979133606,0.7313060760498047,0.6682000160217285,0.7290050983428955,0.7262932658195496,0.6692520976066589],[0.6886112093925476,0.607566237449646,0.6808575391769409,0.6838427186012268,0.6012213826179504,0.6789523363113403],[0.6879262328147888,0.6830790638923645,0.6007228493690491,0.6832244396209717,0.6797437071800232,0.6012682318687439],[0.6629714965820312,0.5163547992706299,0.7122563719749451,0.6596902012825012,0.5135833621025085,0.710578441619873]]","[0.8680555555555557,0.875,0.861111111111111,0.8715277777777778,0.8645833333333334]","[0.861111111111111,0.8715277777777777,0.8715277777777778,0.8541666666666666]"
2,nonmonotonic,dda_monotonic,0.8958333333333334,0.7733767628669739,0.75,0.7119641661643982,0.7009157538414001,0.7856141449321078,0.1899081170558929,20812,10,0.723561791004613,"[1.2329559326171875,2.521407127380371,3.80023455619812,5.0]","[[0.05876842886209488,0.6628837585449219,0.27418673038482666,0.0041588302701711655,2.313192680958309e-06,4.718122420532822e-11],[1.9910072296625003e-05,0.015891849994659424,0.46514958143234253,0.49925968050956726,0.019650613889098167,2.836235762515571e-05],[3.11204569058976e-11,1.7027116427925648e-06,0.0034162618685513735,0.2513490915298462,0.6781399846076965,0.06709299236536026],[9.492179804430026e-19,2.741223697685924e-12,2.9029448000983393e-07,0.0011273256968706846,0.16053718328475952,0.8383352756500244]]","[1.0,1.0,1.0,1.0]","[1.0,1.0,1.0,1.0,1.0,1.0]","[[0.7180650234222412,0.6953631639480591,0.6982150673866272,0.725205659866333,0.7041475772857666,0.7073613405227661,0.7306874394416809],[0.687633752822876,0.6665631532669067,0.6928292512893677,0.6995347142219543,0.6809146404266357,0.7052271366119385,0.7104269862174988],[0.7319191098213196,0.7134995460510254,0.732353687286377,0.7443468570709229,0.7275916337966919,0.7453804612159729,0.7559999823570251],[0.7007875442504883,0.6815871596336365,0.704801082611084,0.7146236300468445,0.6974521279335022,0.7193546891212463,0.7279327511787415],[0.6776677370071411,0.6587892770767212,0.6769728660583496,0.6925615072250366,0.6754252910614014,0.6931529641151428,0.707127571105957]]","[[0.7027764320373535,0.8062785267829895,0.7465857863426208,0.7022499442100525,0.808478832244873,0.7475550770759583],[0.7156689763069153,0.7940096855163574,0.784788191318512,0.7107717990875244,0.7952804565429688,0.787206768989563],[0.5461981892585754,0.7288619875907898,0.6504899859428406,0.5446915626525879,0.7336481213569641,0.6473067998886108],[0.6209957003593445,0.7434996366500854,0.7744919657707214,0.6168153882026672,0.7471497654914856,0.7714068293571472]]","[0.8854166666666666,0.8958333333333334,0.8923611111111112,0.888888888888889,0.8958333333333334]","[0.8993055555555555,0.9097222222222222,0.8923611111111112,0.90625]"
3,nonmonotonic,dda_monotonic,0.875,0.7216696739196777,0.7291666666666666,0.8339593648910523,0.7885579168796539,0.7392248114813645,0.0554942637681961,20812,10,0.8147641250106972,"[1.209248661994934,2.4200737476348877,3.7281861305236816,5.0]","[[0.06462452560663223,0.6739915609359741,0.2577670216560364,0.0036150659434497356,1.859174290075316e-06,3.506227946870055e-11],[4.5526841859100387e-05,0.025994842872023582,0.5442799925804138,0.4179011583328247,0.011766312643885612,1.2148523637733888e-05],[7.644664068440221e-11,3.2962070690700784e-06,0.005211775191128254,0.30218514800071716,0.6425046920776367,0.05009510740637779],[9.492179804430026e-19,2.741223697685924e-12,2.9029448000983393e-07,0.0011273256968706846,0.16053718328475952,0.8383352756500244]]","[1.0,1.0,1.0,1.0]","[1.0,1.0,1.0,1.0,1.0,1.0]","[[0.867619514465332,0.8469475507736206,0.8642694354057312,0.8728948831558228,0.8530144691467285,0.8676495552062988,0.8751399517059326],[0.8483633995056152,0.8205159306526184,0.8501796722412109,0.8579208850860596,0.8317853808403015,0.8582398295402527,0.8649556636810303],[0.8142313361167908,0.7985065579414368,0.8161288499832153,0.8276619911193848,0.8132098317146301,0.8288716077804565,0.83934086561203],[0.8257079124450684,0.7991994023323059,0.8318910598754883,0.8379527926445007,0.813607931137085,0.8430813550949097,0.8483585715293884],[0.7822211384773254,0.7649180889129639,0.7893695831298828,0.7971181869506836,0.7812243700027466,0.8038052916526794,0.8107277154922485]]","[[0.758212685585022,0.8298748731613159,0.8661143183708191,0.7498863339424133,0.8245687484741211,0.8645288348197937],[0.7474855780601501,0.7642332911491394,0.8418151140213013,0.7409669160842896,0.7581017017364502,0.8424064517021179],[0.6990019679069519,0.8229542374610901,0.8136818408966064,0.6901834607124329,0.8176910877227783,0.8114572763442993],[0.7402583360671997,0.7382649183273315,0.8629791736602783,0.7327139377593994,0.7328001260757446,0.8640204071998596]]","[0.875,0.8819444444444443,0.8680555555555555,0.8680555555555555,0.875]","[0.90625,0.888888888888889,0.8715277777777777,0.888888888888889]"
4,nonmonotonic,dda_monotonic,0.8993055555555555,0.8302653431892395,0.7083333333333334,0.8214797735214233,0.8161161541938782,0.7391519724552893,0.0706824585795402,20812,10,0.7789010420092382,"[1.186328411102295,2.4534950256347656,3.731966733932495,5.0]","[[0.07071775943040848,0.683721661567688,0.2424074411392212,0.003151582321152091,1.502542204434576e-06,2.6268889841141174e-11],[3.479570659692399e-05,0.022188469767570496,0.5188537836074829,0.4449165463447571,0.013990326784551144,1.613216954865493e-05],[7.295629378401003e-11,3.1852637221163604e-06,0.0050997016951441765,0.29940560460090637,0.6446009278297424,0.05089060589671135],[9.492179804430026e-19,2.741223697685924e-12,2.9029448000983393e-07,0.0011273256968706846,0.16053718328475952,0.8383352756500244]]","[1.0,1.0,1.0,1.0]","[1.0,1.0,1.0,1.0,1.0,1.0]","[[0.8371655344963074,0.8388515710830688,0.8407801389694214,0.8410173058509827,0.8418163657188416,0.8429383039474487,0.8429946303367615],[0.8152759671211243,0.8156564831733704,0.8265811204910278,0.8264372944831848,0.8263866305351257,0.8364816308021545,0.837573766708374],[0.826906681060791,0.8339112401008606,0.8358129262924194,0.8371557593345642,0.8435928821563721,0.8456053137779236,0.8472227454185486],[0.7982824444770813,0.7967336773872375,0.8032342791557312,0.8099086880683899,0.8089190721511841,0.8157641887664795,0.8219081163406372],[0.7702745199203491,0.7743352651596069,0.7784614562988281,0.7834072113037109,0.787947952747345,0.7927514910697937,0.7975773811340332]]","[[0.7880576252937317,0.8429614305496216,0.8326947093009949,0.783481240272522,0.8415040969848633,0.8383996486663818],[0.84565269947052,0.822350263595581,0.8227238655090332,0.840954065322876,0.8218995928764343,0.8277351260185242],[0.801511824131012,0.8452411890029907,0.8326421976089478,0.7973008751869202,0.8418553471565247,0.8354501724243164],[0.8490568995475769,0.858106791973114,0.8527806997299194,0.8442895412445068,0.8562113642692566,0.8563822507858276]]","[0.8854166666666666,0.8993055555555557,0.90625,0.9166666666666666,0.8993055555555555]","[0.8680555555555555,0.8680555555555555,0.8819444444444443,0.8888888888888888]"
0,parallel,dda_learned,0.8819444444444443,0.7274425625801086,0.7083333333333334,0.8314216494560241,0.8369074165821075,0.314093234306642,0.148658812046051,20832,10,0.7275957920064684,"[0.22545158863067627,2.041003465652466,2.952627420425415,4.7576680183410645]","[[0.9242174625396729,0.015028242021799088,0.01629623956978321,0.0147379906848073,0.014982913620769978,0.014737049117684364],[0.016870573163032532,0.015782922506332397,0.9220450520515442,0.014811569824814796,0.015753965824842453,0.014735986478626728],[0.01594550721347332,0.015584763139486313,0.015957191586494446,0.9209157824516296,0.015603069216012955,0.01599375531077385],[0.015349832363426685,0.017065586522221565,0.01535275299102068,0.017087534070014954,0.017086733132600784,0.9180575609207153]]","[1.0,1.0,1.0,1.0]","[1.0,1.0,1.0,1.0,1.0,1.0]","[[0.8766051530838013,0.8923141956329346,0.8965036273002625,0.9067432880401611,0.9014840722084045,0.9040248394012451,0.8967995047569275],[0.8211210370063782,0.8310226798057556,0.8195464015007019,0.8296008110046387,0.8465489745140076,0.836304783821106,0.8548949956893921],[0.8184367418289185,0.8304063677787781,0.8233391046524048,0.8348382115364075,0.8477377891540527,0.8413010239601135,0.8558005094528198],[0.808834433555603,0.8146874308586121,0.8103964924812317,0.8164083957672119,0.8322934508323669,0.8280755877494812,0.8452218770980835],[0.7546143531799316,0.7579091191291809,0.7585190534591675,0.7625737190246582,0.7776954770088196,0.7775653004646301,0.7938250303268433]]","[[0.8691160678863525,0.7998723983764648,0.8656010031700134,0.8186621069908142,0.8028493523597717,0.8163859248161316],[0.851136326789856,0.8076193332672119,0.8492518663406372,0.8195354342460632,0.8095966577529907,0.8166193962097168],[0.7084051966667175,0.7330401539802551,0.7074601650238037,0.832309365272522,0.7307319641113281,0.8324320316314697],[0.6709356307983398,0.6866756677627563,0.6682267189025879,0.7952013611793518,0.6846521496772766,0.7969523668289185]]","[0.90625,0.8854166666666666,0.8819444444444443,0.8819444444444443,0.8819444444444443]","[0.888888888888889,0.8819444444444445,0.8715277777777778,0.8680555555555557]"
1,parallel,dda_learned,0.8576388888888888,0.6689808368682861,0.75,0.814775824546814,0.7935230731964111,0.3220469644367487,0.1317887082695961,20832,10,0.5997208749759011,"[0.26104891300201416,2.0480844974517822,2.953472852706909,4.761385440826416]","[[0.9140080809593201,0.016846805810928345,0.01618637703359127,0.018030693754553795,0.016902906820178032,0.018025128170847893],[0.017807098105549812,0.0176748838275671,0.9138339161872864,0.016502315178513527,0.017674008384346962,0.016507767140865326],[0.015627874061465263,0.016222035512328148,0.015585375018417835,0.9202491044998169,0.016244987025856972,0.01607053354382515],[0.01568005606532097,0.015694793313741684,0.0156659334897995,0.01738101989030838,0.015675287693738937,0.9199028611183167]]","[1.0,1.0,1.0,1.0]","[1.0,1.0,1.0,1.0,1.0,1.0]","[[0.8397265672683716,0.8495696783065796,0.847714900970459,0.8536520004272461,0.8549327850341797,0.8524401187896729,0.8519108295440674],[0.8122913837432861,0.8442962765693665,0.8314428329467773,0.8595277070999146,0.8557036519050598,0.8433883190155029,0.8384957909584045],[0.7851616740226746,0.8162123560905457,0.8072323203086853,0.8353320956230164,0.8316476941108704,0.8229199051856995,0.8182856440544128],[0.7784063220024109,0.796973705291748,0.7975015640258789,0.8147181868553162,0.8147773146629333,0.8145269155502319,0.8136634230613708],[0.7100917100906372,0.7244654893875122,0.7302557826042175,0.744612991809845,0.7462714314460754,0.7512093782424927,0.7526003122329712]]","[[0.8628062009811401,0.6967679262161255,0.8625723719596863,0.7750775218009949,0.6990638971328735,0.7727892994880676],[0.8146528601646423,0.760559618473053,0.8162513375282288,0.7629774808883667,0.7615985870361328,0.7606633305549622],[0.7252865433692932,0.7364307641983032,0.723331868648529,0.7479844689369202,0.7363263964653015,0.7458987236022949],[0.6922819018363953,0.7459441423416138,0.6925362944602966,0.7478063106536865,0.7459580302238464,0.7470502853393555]]","[0.8784722222222223,0.8576388888888888,0.8576388888888888,0.8715277777777778,0.8576388888888888]","[0.8715277777777778,0.857638888888889,0.8368055555555555,0.8472222222222223]"
2,parallel,dda_learned,0.8506944444444445,0.7615621089935303,0.9166666666666666,0.8069771766662598,0.8133673816919327,0.3186222791319175,0.1805085018277168,20832,10,0.8587899580015801,"[0.24470041692256927,2.0449652671813965,2.9509952068328857,4.761441707611084]","[[0.9183311462402344,0.015892870724201202,0.017136357724666595,0.016406437382102013,0.01585053652524948,0.016382673755288124],[0.017052704468369484,0.016240319237113,0.9190616011619568,0.01568029075860977,0.016264574602246284,0.01570049114525318],[0.016506200656294823,0.017181526869535446,0.016523968428373337,0.9154964685440063,0.01718313992023468,0.01710871420800686],[0.015190585516393185,0.01654449664056301,0.015192868188023567,0.017144639045000076,0.016560321673750877,0.9193671941757202]]","[1.0,1.0,1.0,1.0]","[1.0,1.0,1.0,1.0,1.0,1.0]","[[0.8495438098907471,0.8530829548835754,0.8581763505935669,0.8597370982170105,0.859514057636261,0.8633130192756653,0.8620206713676453],[0.8210729360580444,0.8354955315589905,0.8368244767189026,0.8500373959541321,0.8506598472595215,0.8507055044174194,0.853300154209137],[0.7764177918434143,0.7929577827453613,0.795829713344574,0.8121446967124939,0.8131453990936279,0.8147887587547302,0.8183295726776123],[0.7487870454788208,0.7646913528442383,0.77009117603302,0.7859500646591187,0.7868476510047913,0.7911218404769897,0.7944546937942505],[0.6964016556739807,0.7131797671318054,0.7208828330039978,0.7382564544677734,0.7391634583473206,0.7457367181777954,0.749525249004364]]","[[0.8490408062934875,0.7908727526664734,0.8477514386177063,0.8270955681800842,0.7915876507759094,0.8283831477165222],[0.8079118728637695,0.7491041421890259,0.8073074817657471,0.7864506244659424,0.7515523433685303,0.7871494889259338],[0.814954936504364,0.7804896235466003,0.8157216906547546,0.7974391579627991,0.7823298573493958,0.7968749403953552],[0.8136244416236877,0.7860892415046692,0.813835620880127,0.8012909889221191,0.7885488867759705,0.799682080745697]]","[0.8680555555555555,0.8298611111111112,0.8402777777777778,0.8506944444444445,0.8506944444444445]","[0.8368055555555555,0.8194444444444443,0.8194444444444445,0.826388888888889]"
3,parallel,dda_learned,0.9027777777777778,0.6896187663078308,0.625,0.8622326135635376,0.8370579481124878,0.3119347529697149,0.0806155279278755,20832,10,0.7758244999859016,"[0.22307810187339783,2.0390400886535645,2.949526071548462,4.768743991851807]","[[0.9250919222831726,0.015094790607690811,0.015631655231118202,0.014547563157975674,0.015092674642801285,0.014541327022016048],[0.017483310773968697,0.01578877680003643,0.921829104423523,0.014562486670911312,0.01577557809650898,0.014560659416019917],[0.01627148874104023,0.016431262716650963,0.016308026388287544,0.9190104603767395,0.016446327790617943,0.015532397665083408],[0.01485238317400217,0.015551142394542694,0.014853197149932384,0.017338985577225685,0.015551341697573662,0.9218528866767883]]","[1.0,1.0,1.0,1.0]","[1.0,1.0,1.0,1.0,1.0,1.0]","[[0.8694698810577393,0.8649839758872986,0.8797467947006226,0.8697718381881714,0.8772078156471252,0.8891952633857727,0.8885135054588318],[0.8680682182312012,0.8883729577064514,0.8904979825019836,0.903960108757019,0.9016985297203064,0.9032809734344482,0.8960843086242676],[0.8358526825904846,0.8587914705276489,0.8608142137527466,0.8777626752853394,0.8753754496574402,0.8771174550056458,0.8708360195159912],[0.8083620071411133,0.8352110981941223,0.8355467319488525,0.8562878370285034,0.8518088459968567,0.8521602749824524,0.8445374369621277],[0.7805003523826599,0.8029786348342896,0.8061262369155884,0.8235780000686646,0.8224290013313293,0.8256162405014038,0.821623682975769]]","[[0.8714637160301208,0.8618300557136536,0.867222785949707,0.807715892791748,0.8595954775810242,0.8012931942939758],[0.8847439885139465,0.8081488013267517,0.8800811171531677,0.7483357191085815,0.804521918296814,0.7410817742347717],[0.656590461730957,0.8384852409362793,0.6521430015563965,0.810918927192688,0.8398904800415039,0.8080644011497498],[0.6433791518211365,0.8271858096122742,0.6393576264381409,0.7883793115615845,0.8278152346611023,0.7857680320739746]]","[0.90625,0.8854166666666666,0.888888888888889,0.8854166666666666,0.9027777777777778]","[0.8958333333333334,0.90625,0.8888888888888888,0.8854166666666666]"
4,parallel,dda_learned,0.8090277777777778,0.7471901774406433,0.75,0.8787428975105286,0.909701094031334,0.3092895108517148,0.0676231160759925,20832,10,0.7259371249820106,"[0.22026202082633972,2.0381412506103516,2.9571328163146973,4.766324043273926]","[[0.9258701801300049,0.014402661472558975,0.016526635736227036,0.014397600665688515,0.014401404187083244,0.014401535503566265],[0.017254648730158806,0.015142707154154778,0.9237036108970642,0.014380371198058128,0.015142849646508694,0.01437577698379755],[0.014837831258773804,0.016396915540099144,0.014831960201263428,0.9210885167121887,0.016417624428868294,0.01642715372145176],[0.01460876502096653,0.016483064740896225,0.014613112434744835,0.017186298966407776,0.016487570479512215,0.9206211566925049]]","[1.0,1.0,1.0,1.0]","[1.0,1.0,1.0,1.0,1.0,1.0]","[[0.9099952578544617,0.9083084464073181,0.9095365405082703,0.9072549939155579,0.9119524359703064,0.912365198135376,0.9169293642044067],[0.87169349193573,0.8828356862068176,0.8811971545219421,0.892903208732605,0.8965010046958923,0.8957510590553284,0.9011985063552856],[0.8604633808135986,0.8702516555786133,0.8721773624420166,0.8831506371498108,0.886462390422821,0.8889298439025879,0.8941117525100708],[0.8546315431594849,0.8621808290481567,0.8657252788543701,0.8747747540473938,0.8786239624023438,0.8825057744979858,0.8878756761550903],[0.8034007549285889,0.8095225691795349,0.8138362765312195,0.8225075602531433,0.8281913995742798,0.832990825176239,0.8407474756240845]]","[[0.9060481190681458,0.898544192314148,0.9039119482040405,0.8962234854698181,0.8987873196601868,0.8947917222976685],[0.9080601334571838,0.89836585521698,0.9068648815155029,0.889638364315033,0.8993422985076904,0.8898681402206421],[0.8986138701438904,0.898036003112793,0.8946331143379211,0.9206077456474304,0.8962510824203491,0.9194567799568176],[0.891506552696228,0.8930606245994568,0.8882771730422974,0.9060413241386414,0.8920415043830872,0.9052836298942566]]","[0.8402777777777778,0.8020833333333334,0.8090277777777778,0.7986111111111112,0.8090277777777778]","[0.8090277777777777,0.8194444444444445,0.8368055555555557,0.8159722222222222]"
0,parallel,dda_monotonic,0.8715277777777777,0.7181563377380371,0.6041666666666666,0.8383908152580262,0.813689649105072,0.7811819210484445,0.1594564318656921,20812,10,0.6706063330057077,"[1.2747435569763184,2.4734926223754883,3.739586353302002,5.0]","[[0.049485620111227036,0.6408640742301941,0.30434682965278625,0.0053001404739916325,3.3847106806206284e-06,7.92633944590726e-11],[2.9570683182100765e-05,0.020145297050476074,0.5032705664634705,0.46104711294174194,0.015488343313336372,1.908007288875524e-05],[6.638848498718986e-11,2.972455604322022e-06,0.0048803905956447124,0.2938387095928192,0.6487529873847961,0.05252493917942047],[9.492179804430026e-19,2.741223697685924e-12,2.9029448000983393e-07,0.0011273256968706846,0.16053718328475952,0.8383352756500244]]","[1.0,1.0,1.0,1.0]","[1.0,1.0,1.0,1.0,1.0,1.0]","[[0.8690730929374695,0.8828686475753784,0.8891366124153137,0.8976266980171204,0.8923124074935913,0.8964560627937317,0.8889409303665161],[0.8469787836074829,0.8529262542724609,0.865574300289154,0.8679502010345459,0.8686448931694031,0.8783421516418457,0.8774406909942627],[0.8250882625579834,0.8311779499053955,0.8339762091636658,0.8386765718460083,0.8486241698265076,0.850354790687561,0.8604468107223511],[0.8122088313102722,0.8148032426834106,0.8236556649208069,0.8248039484024048,0.8336255550384521,0.8404703736305237,0.8489012718200684],[0.7450565099716187,0.7464241981506348,0.7543912529945374,0.7555346488952637,0.7669761180877686,0.7731683254241943,0.7850045561790466]]","[[0.8466114401817322,0.8553155660629272,0.8483702540397644,0.8390743136405945,0.8557752370834351,0.8342645764350891],[0.8112860918045044,0.8336629271507263,0.8130697011947632,0.8118764162063599,0.8331252336502075,0.8062523007392883],[0.7533860206604004,0.8012643456459045,0.7546106576919556,0.804688036441803,0.7996907830238342,0.8011504411697388],[0.6223742961883545,0.6941314339637756,0.6224307417869568,0.7895971536636353,0.6900615692138672,0.7903894186019897]]","[0.90625,0.8715277777777778,0.8715277777777777,0.875,0.8715277777777777]","[0.888888888888889,0.8819444444444445,0.8645833333333334,0.8680555555555555]"
1,parallel,dda_monotonic,0.8645833333333334,0.7015989422798157,0.7708333333333334,0.7768058061599732,0.7004765868186951,0.8107942761967061,0.1250946968793869,20812,10,1.0784266669943463,"[1.2733060121536255,2.5642879009246826,3.7833526134490967,5.0]","[[0.049783915281295776,0.6416708827018738,0.30328530073165894,0.005256611853837967,3.3410028663638514e-06,7.786869066217506e-11],[1.3879287507734261e-05,0.012765350751578808,0.430540531873703,0.5324896574020386,0.024150386452674866,4.016545426566154e-05],[3.847357155084552e-11,1.9907693058485165e-06,0.003777404548600316,0.2628346383571625,0.6706368327140808,0.06274916231632233],[9.492179804430026e-19,2.741223697685924e-12,2.9029448000983393e-07,0.0011273256968706846,0.16053718328475952,0.8383352756500244]]","[1.0,1.0,1.0,1.0]","[1.0,1.0,1.0,1.0,1.0,1.0]","[[0.8021474480628967,0.798856794834137,0.807121753692627,0.8019096255302429,0.8068050742149353,0.8131630420684814,0.8162558078765869],[0.8271517157554626,0.8119519352912903,0.8394696116447449,0.8242934346199036,0.8304598927497864,0.8539902567863464,0.8571497201919556],[0.7851050496101379,0.7765677571296692,0.7975018620491028,0.7891256213188171,0.7948954701423645,0.8127910494804382,0.8165108561515808],[0.7301726937294006,0.7099362015724182,0.7412152290344238,0.7223380208015442,0.730871856212616,0.7585662007331848,0.7650538086891174],[0.6815096139907837,0.6736408472061157,0.6968097686767578,0.6898934245109558,0.6961103677749634,0.7172149419784546,0.722414493560791]]","[[0.6306781768798828,0.8332970142364502,0.6285637021064758,0.7720255851745605,0.8316268920898438,0.7703925371170044],[0.7156010866165161,0.7801202535629272,0.7158206701278687,0.7683668732643127,0.7797579169273376,0.7669133543968201],[0.5816357135772705,0.7768743634223938,0.5781155824661255,0.7165619134902954,0.7754149436950684,0.7143864035606384],[0.6114394068717957,0.7394554018974304,0.6093683242797852,0.7397931814193726,0.7378782629966736,0.7388455867767334]]","[0.8784722222222223,0.8819444444444443,0.8715277777777778,0.875,0.8645833333333334]","[0.8645833333333334,0.861111111111111,0.8645833333333334,0.8611111111111112]"
2,parallel,dda_monotonic,0.8715277777777778,0.7647897601127625,0.9166666666666666,0.8011746525764465,0.8247533291578293,0.7842031960678447,0.1748168542981147,20812,10,0.8051349160086829,"[1.2689515352249146,2.4816794395446777,3.7639315128326416,5.0]","[[0.0506964772939682,0.644093930721283,0.3000796437263489,0.0051267207600176334,3.2118750823428854e-06,7.378918309708382e-11],[2.7653893994283862e-05,0.019356312230229378,0.4968259334564209,0.4676292836666107,0.01614043116569519,2.0428871721378528e-05],[4.904972608632541e-11,2.3801846964488504e-06,0.004235472995787859,0.27638110518455505,0.6613488793373108,0.05803216993808746],[9.492179804430026e-19,2.741223697685924e-12,2.9029448000983393e-07,0.0011273256968706846,0.16053718328475952,0.8383352756500244]]","[1.0,1.0,1.0,1.0]","[1.0,1.0,1.0,1.0,1.0,1.0]","[[0.8205256462097168,0.8235552906990051,0.8315032720565796,0.8328604102134705,0.8322796821594238,0.8388316631317139,0.8369243144989014],[0.8243697881698608,0.8375961184501648,0.8425846695899963,0.8546786308288574,0.8544121980667114,0.858004629611969,0.8591206073760986],[0.7835170030593872,0.7977468967437744,0.8049232959747314,0.8186596632003784,0.8180863261222839,0.8238766193389893,0.8247743248939514],[0.7397297024726868,0.7526638507843018,0.7645351886749268,0.7772166132926941,0.7769038081169128,0.7874261140823364,0.7885856032371521],[0.6946597099304199,0.7078999876976013,0.7211155891418457,0.7345120310783386,0.7340487837791443,0.7460574507713318,0.7471994757652283]]","[[0.8613156080245972,0.8602625131607056,0.8618853092193604,0.8459358811378479,0.8591142296791077,0.8433097004890442],[0.818730890750885,0.7957112789154053,0.8172240853309631,0.7981774806976318,0.7961210608482361,0.7945750951766968],[0.8285336494445801,0.8231326937675476,0.8293434977531433,0.79800945520401,0.8203952312469482,0.7944433093070984],[0.8276987075805664,0.8272095322608948,0.825725793838501,0.8265068531036377,0.8289704322814941,0.8224641680717468]]","[0.8715277777777778,0.8611111111111112,0.8611111111111112,0.8680555555555555,0.8715277777777778]","[0.8680555555555555,0.8506944444444445,0.8645833333333334,0.8368055555555555]"
3,parallel,dda_monotonic,0.8958333333333334,0.7146949768066406,0.625,0.8318882465362549,0.7666448503732681,0.7571513852461467,0.0754948556423187,20812,10,0.9723759589833209,"[1.1989320516586304,2.482055902481079,3.7701573371887207,5.0]","[[0.06731346249580383,0.6784963011741638,0.2507892847061157,0.0033992757089436054,1.6895832004593103e-06,3.0795602179445325e-11],[2.756869980657939e-05,0.019320674240589142,0.4965287446975708,0.4679315686225891,0.016170978546142578,2.049298564088531e-05],[4.5381951668810316e-11,2.247998281745822e-06,0.004083430394530296,0.27200061082839966,0.6644013524055481,0.05951232090592384],[9.492179804430026e-19,2.741223697685924e-12,2.9029448000983393e-07,0.0011273256968706846,0.16053718328475952,0.8383352756500244]]","[1.0,1.0,1.0,1.0]","[1.0,1.0,1.0,1.0,1.0,1.0]","[[0.8710238933563232,0.8612000346183777,0.8795727491378784,0.8643919825553894,0.8735777139663696,0.888819694519043,0.889053225517273],[0.8300871253013611,0.8185015916824341,0.8414059281349182,0.8253270983695984,0.8378121256828308,0.858148992061615,0.862555980682373],[0.7907429337501526,0.8060367703437805,0.8130775094032288,0.8227846026420593,0.8238131403923035,0.8303144574165344,0.8271139860153198],[0.7901486158370972,0.7920631766319275,0.8072656393051147,0.8047807216644287,0.8126888871192932,0.8265293836593628,0.8289159536361694],[0.7696662545204163,0.7802232503890991,0.7906879782676697,0.7967090606689453,0.8011558651924133,0.8111044764518738,0.8115379214286804]]","[[0.7215457558631897,0.8991604447364807,0.7159481048583984,0.8270875811576843,0.898870050907135,0.8227313160896301],[0.7979903221130371,0.8669540286064148,0.7922902703285217,0.7967718839645386,0.8652796745300293,0.7910974621772766],[0.7859671115875244,0.8463653922080994,0.7797974348068237,0.7655618190765381,0.8442769646644592,0.759610652923584],[0.5888849496841431,0.8303099274635315,0.5833700299263,0.7894216179847717,0.8317960500717163,0.787181556224823]]","[0.90625,0.8784722222222222,0.8888888888888888,0.8888888888888888,0.8958333333333334]","[0.875,0.8993055555555555,0.8923611111111112,0.8541666666666666]"
4,parallel,dda_monotonic,0.8020833333333334,0.716132640838623,0.6458333333333334,0.8756546258926392,0.8811213821172714,0.8230420025968267,0.062425822019577,20812,10,0.7130394589912612,"[1.3131157159805298,2.5546395778656006,3.7769815921783447,5.0]","[[0.04204303026199341,0.6181181073188782,0.33324578404426575,0.00658830301836133,4.776370587933343e-06,1.2698120332998997e-10],[1.5061563317431137e-05,0.013417874462902546,0.4383419156074524,0.5251195430755615,0.023068483918905258,3.716172795975581e-05],[4.1669934863763913e-11,2.1112152808200335e-06,0.0039224643260240555,0.26723992824554443,0.6676662564277649,0.061169274151325226],[9.492179804430026e-19,2.741223697685924e-12,2.9029448000983393e-07,0.0011273256968706846,0.16053718328475952,0.8383352756500244]]","[1.0,1.0,1.0,1.0]","[1.0,1.0,1.0,1.0,1.0,1.0]","[[0.9104358553886414,0.9090479016304016,0.911368727684021,0.9091748595237732,0.9127747416496277,0.9141745567321777,0.9173464775085449],[0.8881207704544067,0.8939749598503113,0.8978711366653442,0.9041237831115723,0.9068492650985718,0.9106387495994568,0.9141383767127991],[0.8592681884765625,0.86565101146698,0.8708085417747498,0.8782652616500854,0.881252110004425,0.8864167928695679,0.8904857635498047],[0.8414483666419983,0.8468561172485352,0.8532540202140808,0.8599879145622253,0.8631492257118225,0.8694427609443665,0.8736830949783325],[0.7921543121337891,0.7973383069038391,0.8036249279975891,0.8109964728355408,0.8156681656837463,0.8221448063850403,0.8285516500473022]]","[[0.8787283897399902,0.886780321598053,0.8748103976249695,0.8788860440254211,0.8855377435684204,0.8754175305366516],[0.8937550783157349,0.8956056833267212,0.8901169896125793,0.8990576863288879,0.8941544890403748,0.8974544405937195],[0.895868182182312,0.9009220600128174,0.8930458426475525,0.8654495477676392,0.8992931246757507,0.8643580079078674],[0.8803492188453674,0.8848888278007507,0.876659095287323,0.8906329870223999,0.8836679458618164,0.890190601348877]]","[0.8333333333333334,0.8159722222222222,0.8159722222222222,0.8125,0.8020833333333334]","[0.826388888888889,0.8229166666666666,0.8298611111111112,0.8402777777777778]"
0,teacher_shuffled,dda_monotonic,0.90625,0.8065322041511536,0.6041666666666666,0.798647403717041,0.7633411735296249,0.752138530272027,0.1271859183907508,20812,10,0.9921612920006736,"[1.1960359811782837,2.4853858947753906,3.7358829975128174,5.0]","[[0.06808397173881531,0.6797242164611816,0.2488492727279663,0.0033408429007977247,1.6447152120235842e-06,2.9692141106929526e-11],[2.6825435270438902e-05,0.019007880240678787,0.4938971996307373,0.47060370445251465,0.01644333451986313,2.106880310748238e-05],[6.950496428403952e-11,3.074123242186033e-06,0.004985896870493889,0.29653847217559814,0.6467471718788147,0.05172540247440338],[9.492179804430026e-19,2.741223697685924e-12,2.9029448000983393e-07,0.0011273256968706846,0.16053718328475952,0.8383352756500244]]","[1.0,1.0,1.0,1.0]","[1.0,1.0,1.0,1.0,1.0,1.0]","[[0.8173312544822693,0.7917490005493164,0.8223564624786377,0.8299502730369568,0.8060402870178223,0.8317353129386902,0.837360143661499],[0.8037224411964417,0.8001876473426819,0.8222922682762146,0.8236826658248901,0.8205536603927612,0.8383834958076477,0.8385850787162781],[0.7638440728187561,0.7583317160606384,0.7696540951728821,0.7798820734024048,0.7757618427276611,0.7835753560066223,0.7911347150802612],[0.7729596495628357,0.7789543271064758,0.793324887752533,0.7925575971603394,0.7985278964042664,0.8089307546615601,0.8074918985366821],[0.7349888682365417,0.7310182452201843,0.7492873072624207,0.7572667002677917,0.7543399333953857,0.7689347267150879,0.77520352602005]]","[[0.7475014925003052,0.8288506865501404,0.775615394115448,0.745037317276001,0.8300827145576477,0.776404857635498],[0.8332394957542419,0.6960357427597046,0.7773305773735046,0.8305074572563171,0.704582154750824,0.773487389087677],[0.7568966150283813,0.8252555727958679,0.7671431303024292,0.7518488168716431,0.8258786797523499,0.7686727046966553],[0.798816978931427,0.6846156716346741,0.7816989421844482,0.7946394681930542,0.6939138174057007,0.7766838073730469]]","[0.9270833333333334,0.9166666666666666,0.9097222222222223,0.8958333333333334,0.90625]","[0.9131944444444445,0.90625,0.8958333333333334,0.9097222222222223]"
1,teacher_shuffled,dda_monotonic,0.8472222222222222,0.7179630398750305,0.7083333333333334,0.6833583235740661,0.6459597051143646,0.7586503564251341,0.1443324908614158,20812,10,0.9737471250118688,"[1.2086801528930664,2.4886651039123535,3.740288257598877,5.0]","[[0.06477046012878418,0.6742449998855591,0.25737977027893066,0.0036028556060045958,1.8494220057618804e-06,3.481286092732461e-11],[2.6112073101103306e-05,0.018704082816839218,0.4913007318973541,0.4732319712638855,0.016715386882424355,2.1650848793797195e-05],[6.581357681056943e-11,2.953557213913882e-06,0.004860620014369488,0.29332834482192993,0.6491305232048035,0.05267758294939995],[9.492179804430026e-19,2.741223697685924e-12,2.9029448000983393e-07,0.0011273256968706846,0.16053718328475952,0.8383352756500244]]","[1.0,1.0,1.0,1.0]","[1.0,1.0,1.0,1.0,1.0,1.0]","[[0.7742054462432861,0.7792791128158569,0.7661129236221313,0.776656985282898,0.7810125946998596,0.7686141729354858,0.7763506770133972],[0.7015382051467896,0.6887845993041992,0.7029936909675598,0.7152574062347412,0.7045196890830994,0.7174960970878601,0.7277697324752808],[0.6506026983261108,0.654264509677887,0.6376885771751404,0.665482759475708,0.6693602204322815,0.655025064945221,0.6793287396430969],[0.6443257927894592,0.6442087292671204,0.6457626819610596,0.6586908102035522,0.6596034169197083,0.6614667773246765,0.6719778180122375],[0.5842105746269226,0.58316570520401,0.5788850784301758,0.5995970368385315,0.5996434092521667,0.5960270762443542,0.6145063042640686]]","[[0.6501834988594055,0.6433936953544617,0.6626623868942261,0.6470871567726135,0.6408860683441162,0.6617163419723511],[0.6007444262504578,0.4815394878387451,0.6695204377174377,0.5992487668991089,0.4797159731388092,0.6666074395179749],[0.6193674206733704,0.5948806405067444,0.570624053478241,0.6170144081115723,0.5916242599487305,0.5692533850669861],[0.5796181559562683,0.4091392159461975,0.6501545310020447,0.579724907875061,0.40928712487220764,0.647120475769043]]","[0.875,0.8645833333333334,0.8576388888888888,0.8506944444444443,0.8472222222222222]","[0.8680555555555555,0.84375,0.8645833333333334,0.8472222222222222]"
2,teacher_shuffled,dda_monotonic,0.8819444444444445,0.7880374789237976,0.7708333333333334,0.7273623704910278,0.728037878870964,0.7827052606796826,0.1953096091747284,20812,10,0.9903008340043016,"[1.2316031455993652,2.5136969089508057,3.7983102798461914,5.0]","[[0.059090763330459595,0.6635453701019287,0.2732357084751129,0.004125915002077818,2.2846454612590605e-06,4.639086684243843e-11],[2.1230123820714653e-05,0.016519049182534218,0.4713391363620758,0.49317148327827454,0.018922487273812294,2.662404403963592e-05],[3.1883471557359044e-11,1.733397766656708e-06,0.003455778816714883,0.25264427065849304,0.6773120760917664,0.06658617407083511],[9.492179804430026e-19,2.741223697685924e-12,2.9029448000983393e-07,0.0011273256968706846,0.16053718328475952,0.8383352756500244]]","[1.0,1.0,1.0,1.0]","[1.0,1.0,1.0,1.0,1.0,1.0]","[[0.7333223223686218,0.7223345041275024,0.725374698638916,0.7423079013824463,0.7313532829284668,0.7343111634254456,0.7486569881439209],[0.7292650938034058,0.7220767736434937,0.7378919720649719,0.7403171062469482,0.7339193224906921,0.7475579380989075,0.7488021850585938],[0.7179458737373352,0.7110304236412048,0.7206548452377319,0.7351095676422119,0.7284438014030457,0.7374224066734314,0.7498084306716919],[0.7105295062065125,0.7039850950241089,0.7179855704307556,0.7277496457099915,0.7216604351997375,0.7344257235527039,0.7425151467323303],[0.6727226376533508,0.6669877767562866,0.6764424443244934,0.6918002367019653,0.6862800717353821,0.6954348683357239,0.708827555179596]]","[[0.7203604578971863,0.7495042085647583,0.750203013420105,0.720461905002594,0.7493529319763184,0.7497490644454956],[0.729170024394989,0.7261033058166504,0.7989819645881653,0.7239415645599365,0.7267530560493469,0.7992528080940247],[0.6067699790000916,0.699675977230072,0.6586409211158752,0.6059175729751587,0.6997625827789307,0.6539668440818787],[0.6646972894668579,0.7157765030860901,0.7922230362892151,0.660204291343689,0.7178508639335632,0.786891520023346]]","[0.8923611111111112,0.8819444444444443,0.8680555555555555,0.8715277777777778,0.8819444444444445]","[0.8784722222222222,0.8784722222222222,0.8715277777777778,0.8784722222222223]"
3,teacher_shuffled,dda_monotonic,0.8993055555555555,0.7056282162666321,0.7083333333333334,0.808916962146759,0.7393896877765656,0.7335128970882027,0.0868494287133216,20812,10,0.7726056670071557,"[1.2018717527389526,2.4150185585021973,3.7175707817077637,5.0]","[[0.06653834879398346,0.6772333383560181,0.2527669668197632,0.003459538333117962,1.7363312281304388e-06,3.195671505196174e-11],[4.740002623293549e-05,0.02661583013832569,0.5480470061302185,0.4138198494911194,0.011458308435976505,1.1634458132903092e-05],[8.714386851016442e-11,3.6278797779232264e-06,0.005538394674658775,0.310049444437027,0.6364933848381042,0.04791513457894325],[9.492179804430026e-19,2.741223697685924e-12,2.9029448000983393e-07,0.0011273256968706846,0.16053718328475952,0.8383352756500244]]","[1.0,1.0,1.0,1.0]","[1.0,1.0,1.0,1.0,1.0,1.0]","[[0.871025025844574,0.8439863920211792,0.8650188446044922,0.8735876679420471,0.849372148513794,0.8665959239006042,0.8740559816360474],[0.8317007422447205,0.7981829047203064,0.8303495049476624,0.8384838104248047,0.8085917234420776,0.8366591930389404,0.8440612554550171],[0.7881752848625183,0.7566201686859131,0.7851961255073547,0.7966231107711792,0.7688112258911133,0.7936305403709412,0.8040939569473267],[0.7946568131446838,0.7575170993804932,0.7992883324623108,0.8034092783927917,0.770593523979187,0.8076185584068298,0.8113877177238464],[0.7551105618476868,0.7224433422088623,0.760657787322998,0.7656996250152588,0.7368452548980713,0.7712583541870117,0.7759936451911926]]","[[0.7128604650497437,0.8203270435333252,0.8263986110687256,0.7047773599624634,0.8164110779762268,0.8228440880775452],[0.6765812635421753,0.7575060725212097,0.780799925327301,0.6704261898994446,0.7534881234169006,0.7774524092674255],[0.6709874272346497,0.8439698815345764,0.7797806859016418,0.6617213487625122,0.8403898477554321,0.7760879397392273],[0.6815384030342102,0.7451782822608948,0.8044217228889465,0.6750646829605103,0.7406778931617737,0.8021770119667053]]","[0.8854166666666666,0.892361111111111,0.892361111111111,0.8958333333333334,0.8993055555555555]","[0.9027777777777778,0.8993055555555555,0.8715277777777778,0.8993055555555557]"
4,teacher_shuffled,dda_monotonic,0.8715277777777778,0.8096654415130615,0.6458333333333334,0.8098888635635376,0.7692031115293503,0.7413812374369693,0.057038091123104,20812,10,0.633041624998441,"[1.1811678409576416,2.467043876647949,3.736847162246704,5.0]","[[0.07215023785829544,0.685771644115448,0.23902162909507751,0.003054996021091938,1.4318585499495384e-06,2.4609588672452887e-11],[3.116847074124962e-05,0.02078591287136078,0.5083217620849609,0.4558522701263428,0.014990819618105888,1.807765875128098e-05],[6.868000612669789e-11,3.0473390779661713e-06,0.004958233796060085,0.2958345413208008,0.6472716331481934,0.05193260312080383],[9.492179804430026e-19,2.741223697685924e-12,2.9029448000983393e-07,0.0011273256968706846,0.16053718328475952,0.8383352756500244]]","[1.0,1.0,1.0,1.0]","[1.0,1.0,1.0,1.0,1.0,1.0]","[[0.8555641770362854,0.8558582067489624,0.8554329872131348,0.8574855923652649,0.8572360277175903,0.8561310172080994,0.857714831829071],[0.7917687892913818,0.792388916015625,0.8037016987800598,0.8022668361663818,0.8025115132331848,0.8122062683105469,0.8120267391204834],[0.806749701499939,0.8168931603431702,0.8168264031410217,0.8153353929519653,0.8242702484130859,0.8239269256591797,0.8233118653297424],[0.789341390132904,0.7901650667190552,0.7939799427986145,0.7980160713195801,0.7988897562026978,0.8024590015411377,0.8063946962356567],[0.7547749280929565,0.7589696645736694,0.7624813318252563,0.7651956081390381,0.7694574594497681,0.7728649973869324,0.7759532928466797]]","[[0.7516118884086609,0.7936168313026428,0.7759956121444702,0.7482795715332031,0.7896426916122437,0.7776252627372742],[0.7684301733970642,0.7530749440193176,0.761928379535675,0.764873743057251,0.7497453093528748,0.7638578414916992],[0.7722934484481812,0.8004505634307861,0.7734308838844299,0.7687078714370728,0.7945135831832886,0.7734318971633911],[0.7786641120910645,0.7941385507583618,0.7940149307250977,0.7747417688369751,0.7909910678863525,0.7945643067359924]]","[0.8472222222222223,0.8472222222222222,0.8506944444444445,0.875,0.8715277777777778]","[0.8611111111111112,0.861111111111111,0.861111111111111,0.8715277777777778]"
